Cell	cell_type
4861STDY7387181_AAACCTGAGGGCACTA	Fibroblast eS
4861STDY7387181_AAACCTGTCAATAAGG	epi_SOX9
4861STDY7387181_AACGTTGGTTGAACTC	Myeloid
4861STDY7387181_AACGTTGTCATCTGTT	Fibroblast eS
4861STDY7387181_AACTCAGCACCACCAG	PV STEAP4
4861STDY7387181_AACTCCCGTGCCTGTG	epi_Pre-ciliated
4861STDY7387181_AACTCTTTCGCACTCT	Lymphoid
4861STDY7387181_AAGGCAGAGAGCAATT	Fibroblast eS
4861STDY7387181_AATCCAGTCTCGGACG	epi_Ciliated LRG5
4861STDY7387181_ACAGCCGAGGCCGAAT	Fibroblast eS
4861STDY7387181_ACCAGTATCTCGCATC	epi_SOX9
4861STDY7387181_ACGGGCTGTATTCTCT	PV STEAP4
4861STDY7387181_ACGGGTCAGCCAGTTT	Myeloid
4861STDY7387181_ACGGGTCGTACGAAAT	epi_Ciliated LRG5
4861STDY7387181_ACTATCTAGCCAACAG	epi_Ciliated LRG5
4861STDY7387181_ACTGATGAGGAGCGAG	epi_Ciliated LRG5
4861STDY7387181_ACTGATGAGTACGCGA	Myeloid
4861STDY7387181_ACTGTCCTCCACTGGG	epi_Ciliated
4861STDY7387181_AGAGCGACATTTCACT	Fibroblast eS
4861STDY7387181_AGGCCGTAGTACTTGC	epi_SOX9
4861STDY7387181_ATCTGCCTCCACGAAT	Lymphoid
4861STDY7387181_ATTCTACGTGTTCTTT	Fibroblast eS
4861STDY7387181_CACACCTCATGGTCAT	Myeloid
4861STDY7387181_CATTCGCCACCGATAT	epi_SOX9_prolif
4861STDY7387181_CCACCTAGTCTTGCGG	Fibroblast eS
4861STDY7387181_CCATGTCTCCCTAATT	uSMC
4861STDY7387181_CCCAGTTCATACGCCG	Myeloid
4861STDY7387181_CCCATACTCTAACTCT	Myeloid
4861STDY7387181_CCGGGATCACCGTTGG	Fibroblast eS
4861STDY7387181_CCGTACTGTCCTCTTG	PV STEAP4
4861STDY7387181_CCGTACTTCATGCTCC	epi_SOX9_prolif
4861STDY7387181_CCGTGGAAGGCATTGG	epi_Ciliated
4861STDY7387181_CCGTTCAGTTCCGTCT	Myeloid
4861STDY7387181_CCTAAAGTCAACGCTA	Endothelial ACKR1
4861STDY7387181_CCTAGCTCAGTACACT	Fibroblast eS
4861STDY7387181_CCTAGCTTCGGAAACG	Fibroblast eS
4861STDY7387181_CCTATTACAGCCTATA	epi_Ciliated
4861STDY7387181_CCTTTCTCAGTCAGAG	epi_Ciliated LRG5
4861STDY7387181_CCTTTCTCATGCGCAC	epi_Ciliated
4861STDY7387181_CGAATGTTCAAGGTAA	Fibroblast eS
4861STDY7387181_CGACCTTAGGATTCGG	Myeloid
4861STDY7387181_CGAGCACAGTCTCGGC	epi_Pre-ciliated
4861STDY7387181_CGCGGTAGTGTGTGCC	epi_Ciliated LRG5
4861STDY7387181_CGGCTAGTCTTCCTTC	Endothelial ACKR1
4861STDY7387181_CGGTTAAGTCAACTGT	Endothelial SEMA3G
4861STDY7387181_CGTCACTGTCGCGGTT	Fibroblast eS
4861STDY7387181_CGTCAGGCACATCCAA	epi_Ciliated
4861STDY7387181_CGTGAGCGTTCGTTGA	epi_Ciliated
4861STDY7387181_CGTGAGCTCGCTTGTC	epi_SOX9_prolif
4861STDY7387181_CTACACCAGCTGGAAC	epi_Pre-ciliated
4861STDY7387181_CTACCCATCAACCATG	epi_Ciliated LRG5
4861STDY7387181_CTCGAAATCGCACTCT	epi_Ciliated
4861STDY7387181_CTCTAATAGCACACAG	epi_SOX9
4861STDY7387181_CTGATCCAGTACCGGA	Myeloid
4861STDY7387181_GACCTGGAGCAGCCTC	Endothelial ACKR1
4861STDY7387181_GACGTGCGTTCCATGA	epi_Ciliated LRG5
4861STDY7387181_GACTAACCAAATCCGT	Fibroblast eS
4861STDY7387181_GACTAACGTATATCCG	epi_SOX9
4861STDY7387181_GAGCAGACAGGACGTA	Lymphoid
4861STDY7387181_GAGGTGACAACAACCT	epi_Pre-ciliated
4861STDY7387181_GAGGTGAGTAGATTAG	Fibroblast eS
4861STDY7387181_GCAAACTCACTTCGAA	PV STEAP4
4861STDY7387181_GCAATCATCGTTGCCT	epi_Ciliated
4861STDY7387181_GCAGCCATCAGTTTGG	epi_Ciliated
4861STDY7387181_GCATGATAGTCCAGGA	Fibroblast eS
4861STDY7387181_GCATGTACACAGGTTT	Fibroblast eS
4861STDY7387181_GCGCAGTCAGACGCCT	epi_Ciliated LRG5
4861STDY7387181_GCTGCAGCAAACCTAC	Fibroblast eS
4861STDY7387181_GCTTGAAAGAACTGTA	epi_SOX9
4861STDY7387181_GCTTGAATCCGCATAA	epi_Ciliated LRG5
4861STDY7387181_GGACAAGAGAGCTGGT	Fibroblast eS
4861STDY7387181_GGACAAGAGTTACGGG	Endothelial ACKR1
4861STDY7387181_GGACGTCCAAGCCCAC	Myeloid
4861STDY7387181_GGACGTCCATCTCCCA	epi_Ciliated LRG5
4861STDY7387181_GGCAATTCAAAGTGCG	Myeloid
4861STDY7387181_GGCTCGAAGGTGGGTT	Fibroblast eS
4861STDY7387181_GTAACTGCAGTGACAG	epi_SOX9_prolif
4861STDY7387181_GTACGTACATCAGTAC	Myeloid
4861STDY7387181_GTACTCCTCCAAGCCG	PV STEAP4
4861STDY7387181_GTCGGGTCAATCCGAT	PV STEAP4
4861STDY7387181_GTCTTCGGTGCCTGTG	Fibroblast eS
4861STDY7387181_GTGCATAAGGCATGGT	epi_Ciliated LRG5
4861STDY7387181_GTGTGCGAGGACTGGT	epi_Ciliated LRG5
4861STDY7387181_GTTAAGCAGGGCTCTC	epi_Ciliated LRG5
4861STDY7387181_GTTCATTAGAAGGTTT	epi_Ciliated
4861STDY7387181_GTTCTCGGTCACCCAG	epi_SOX9_prolif
4861STDY7387181_GTTTCTAGTACGAAAT	Fibroblast eS
4861STDY7387181_TAAGCGTGTATCACCA	epi_Pre-ciliated
4861STDY7387181_TACGGATAGTTGTCGT	PV STEAP4
4861STDY7387181_TACGGGCCAATGACCT	Lymphoid
4861STDY7387181_TACGGGCCATCTATGG	Myeloid
4861STDY7387181_TAGAGCTCATGTTCCC	epi_Ciliated LRG5
4861STDY7387181_TAGTGGTCACGAAGCA	epi_Ciliated LRG5
4861STDY7387181_TCAGGATTCCGGCACA	epi_Pre-ciliated
4861STDY7387181_TCAGGTAGTGTAAGTA	Fibroblast eS
4861STDY7387181_TCCCGATAGCGCCTTG	epi_Ciliated LRG5
4861STDY7387181_TCGGGACTCAACACCA	Endothelial ACKR1
4861STDY7387181_TCTATTGCAGTCGTGC	Fibroblast eS
4861STDY7387181_TCTGAGAGTCTGCCAG	Fibroblast eS
4861STDY7387181_TGAGCCGCAGACGCTC	Fibroblast eS
4861STDY7387181_TGAGGGATCGCCTGTT	epi_Ciliated LRG5
4861STDY7387181_TGATTTCCAGTACACT	Fibroblast eS
4861STDY7387181_TGCCCTACACAGCCCA	epi_Ciliated LRG5
4861STDY7387181_TGGGAAGTCGCATGGC	epi_SOX9
4861STDY7387181_TGTTCCGTCTCGAGTA	Fibroblast eS
4861STDY7387181_TTAACTCAGGGCACTA	Myeloid
4861STDY7387181_TTCCCAGCACTTAACG	Endothelial ACKR1
4861STDY7387181_TTCTCAAAGGTGATTA	epi_Ciliated LRG5
4861STDY7387181_TTGCGTCTCGTACCGG	Fibroblast eS
4861STDY7387181_TTGGCAAAGACAAAGG	epi_Ciliated
4861STDY7387182_AACCGCGTCGATGAGG	epi_Pre-ciliated
4861STDY7387182_AACGTTGAGATCTGAA	Myeloid
4861STDY7387182_AAGCCGCCACTTAAGC	PV STEAP4
4861STDY7387182_AAGGAGCAGGACAGAA	epi_Ciliated
4861STDY7387182_AAGGCAGGTCGACTGC	Fibroblast eS
4861STDY7387182_AATCGGTAGGACAGAA	epi_Pre-ciliated
4861STDY7387182_ACGCCAGTCGCAAGCC	epi_Ciliated
4861STDY7387182_ACGGCCAGTATAGTAG	epi_Ciliated
4861STDY7387182_ACGTCAAGTATATGAG	epi_Ciliated
4861STDY7387182_ACGTCAAGTGTGGTTT	Fibroblast eS
4861STDY7387182_AGAATAGAGCTAGTCT	Fibroblast eS
4861STDY7387182_AGACGTTAGACAGGCT	Fibroblast eS
4861STDY7387182_AGAGCGAGTGTCTGAT	PV STEAP4
4861STDY7387182_AGATCTGGTTTGCATG	Fibroblast eS
4861STDY7387182_AGCGGTCCAAATCCGT	epi_SOX9
4861STDY7387182_AGCTCCTAGCAGCCTC	Fibroblast eS
4861STDY7387182_AGCTCCTCACGGCGTT	epi_Pre-ciliated
4861STDY7387182_AGCTTGAGTTAAGACA	PV STEAP4
4861STDY7387182_AGGCCACTCTCTTGAT	epi_Pre-ciliated
4861STDY7387182_AGGTCATCAACACGCC	Fibroblast eS
4861STDY7387182_AGGTCCGTCATCGGAT	PV STEAP4
4861STDY7387182_AGTAGTCGTGATGTCT	Fibroblast eS
4861STDY7387182_AGTCTTTCATATGGTC	Fibroblast eS
4861STDY7387182_ATCATCTCAGATCTGT	epi_Ciliated LRG5
4861STDY7387182_ATCCGAACAAGGACTG	Endothelial SEMA3G
4861STDY7387182_ATCTACTGTGCGGTAA	Fibroblast eS
4861STDY7387182_ATCTGCCTCCCTAATT	Myeloid
4861STDY7387182_ATTTCTGGTCTCCACT	Fibroblast eS
4861STDY7387182_CAACTAGGTGTTCTTT	epi_SOX9
4861STDY7387182_CAAGATCTCTGTGCAA	Fibroblast eS
4861STDY7387182_CACACCTTCCACTCCA	Fibroblast eS
4861STDY7387182_CACCTTGCAAGAGTCG	Fibroblast eS
4861STDY7387182_CAGCTGGCAGTCAGAG	Myeloid
4861STDY7387182_CAGTCCTGTCAAACTC	epi_Pre-ciliated
4861STDY7387182_CATGCCTCAAACGTGG	Fibroblast eS
4861STDY7387182_CCATGTCGTCTCCATC	epi_Pre-ciliated
4861STDY7387182_CCTACACAGGAGCGTT	epi_Ciliated LRG5
4861STDY7387182_CCTTCGACATCCTTGC	Fibroblast eS
4861STDY7387182_CGGACGTTCGATCCCT	Fibroblast eS
4861STDY7387182_CGTAGGCAGTCCATAC	epi_Ciliated
4861STDY7387182_CGTCAGGCACCACGTG	Myeloid
4861STDY7387182_CGTCCATTCACCAGGC	Myeloid
4861STDY7387182_CTAAGACTCGCGTAGC	epi_SOX9_prolif
4861STDY7387182_CTAATGGTCGTCTGCT	Myeloid
4861STDY7387182_CTACATTGTAGGGACT	epi_Ciliated
4861STDY7387182_CTAGTGATCATCGATG	Myeloid
4861STDY7387182_CTCAGAATCTAGAGTC	Myeloid
4861STDY7387182_CTCGAGGAGGGAAACA	epi_Ciliated
4861STDY7387182_CTCGGAGCAGGGTTAG	epi_Ciliated LRG5
4861STDY7387182_CTCGTCAGTCTACCTC	PV STEAP4
4861STDY7387182_CTCTAATAGGGCATGT	PV STEAP4
4861STDY7387182_CTCTAATTCTTGGGTA	Myeloid
4861STDY7387182_CTTGGCTCATACCATG	PV STEAP4
4861STDY7387182_GAAATGACAAACAACA	Myeloid
4861STDY7387182_GACACGCCAGTATGCT	Fibroblast eS
4861STDY7387182_GACTGCGTCGCTGATA	Fibroblast eS
4861STDY7387182_GAGGTGAGTAAGGGCT	Myeloid
4861STDY7387182_GATCTAGTCATCTGCC	epi_SOX9
4861STDY7387182_GCAGCCAAGGGCTTGA	Fibroblast eS
4861STDY7387182_GCTTCCATCCGTCAAA	epi_Ciliated LRG5
4861STDY7387182_GGACGTCAGTTACCCA	epi_Ciliated
4861STDY7387182_GGCAATTGTGTAAGTA	Fibroblast eS
4861STDY7387182_GGGTTGCAGGAATTAC	Fibroblast eS
4861STDY7387182_GTACTTTGTTAGTGGG	Myeloid
4861STDY7387182_GTAGTCAAGGCAAAGA	epi_Ciliated
4861STDY7387182_GTATTCTCATAGACTC	epi_Ciliated LRG5
4861STDY7387182_GTCCTCAAGTACACCT	Fibroblast eS
4861STDY7387182_GTCTTCGTCTGGTGTA	Myeloid
4861STDY7387182_GTTCGGGAGGACACCA	epi_Ciliated
4861STDY7387182_GTTCGGGTCCGCGTTT	epi_Pre-ciliated
4861STDY7387182_TACACGAAGTGCAAGC	Fibroblast eS
4861STDY7387182_TACCTTAAGCTAGTGG	Fibroblast eS
4861STDY7387182_TACGGATCAGACAAAT	epi_Ciliated LRG5
4861STDY7387182_TACGGGCTCAAAGACA	epi_SOX9_prolif
4861STDY7387182_TAGCCGGTCGACGGAA	Endothelial SEMA3G
4861STDY7387182_TAGGCATTCGCCGTGA	epi_Ciliated LRG5
4861STDY7387182_TATCAGGTCGGTTCGG	Fibroblast eS
4861STDY7387182_TATCTCACATCGGGTC	epi_Ciliated LRG5
4861STDY7387182_TCACAAGGTTTCCACC	Fibroblast eS
4861STDY7387182_TCAGGATGTCCGACGT	Fibroblast eS
4861STDY7387182_TCAGGTAGTCTCATCC	Fibroblast eS
4861STDY7387182_TCTGGAATCGGAAATA	Fibroblast eS
4861STDY7387182_TGAAAGAGTATCAGTC	Fibroblast eS
4861STDY7387182_TGAGCCGGTACATGTC	Fibroblast eS
4861STDY7387182_TGCCAAACAATGTAAG	PV STEAP4
4861STDY7387182_TGCGGGTGTCATATCG	epi_Ciliated LRG5
4861STDY7387182_TGGCGCATCCCTAACC	epi_Ciliated
4861STDY7387182_TGTATTCTCAAACAAG	Myeloid
4861STDY7387182_TGTGTTTTCTACCTGC	Myeloid
4861STDY7387182_TTAGGACCATCCAACA	Fibroblast eS
4861STDY7387182_TTCCCAGGTTCGTCTC	Endothelial ACKR1
4861STDY7387182_TTCTCCTGTTCCACAA	epi_Ciliated
4861STDY7387182_TTGACTTGTTGGAGGT	Fibroblast eS
4861STDY7387182_TTGGCAACACGACGAA	epi_SOX9
4861STDY7387182_TTTATGCGTGGTTTCA	PV STEAP4
4861STDY7387183_AACGTTGGTACATGTC	Endothelial ACKR1
4861STDY7387183_AACTTTCAGACAGACC	Endothelial ACKR1
4861STDY7387183_AACTTTCGTGTCAATC	Endothelial ACKR1
4861STDY7387183_AAGGAGCTCAGCTCTC	Endothelial ACKR1
4861STDY7387183_AAGGCAGGTGCGGTAA	PV MYH11
4861STDY7387183_ACACCCTCATGCCTTC	Fibroblast C7
4861STDY7387183_ACACTGATCGCTAGCG	PV MYH11
4861STDY7387183_ACCAGTAAGTCCGTAT	PV MYH11
4861STDY7387183_ACCGTAACATGTCCTC	Fibroblast C7
4861STDY7387183_ACGAGCCTCGGCCGAT	Fibroblast C7
4861STDY7387183_ACGATGTCAAAGTGCG	Fibroblast C7
4861STDY7387183_ACGATGTCAACTGCTA	PV MYH11
4861STDY7387183_ACGCAGCAGCAGACTG	PV MYH11
4861STDY7387183_ACGCCAGAGGAATTAC	Endothelial ACKR1
4861STDY7387183_ACGCCAGGTTCAGACT	PV MYH11
4861STDY7387183_ACGGAGATCTTGCATT	Endothelial SEMA3G
4861STDY7387183_ACGGCCACACGTCTCT	Endothelial SEMA3G
4861STDY7387183_ACGGGTCCAATGTTGC	Endothelial ACKR1
4861STDY7387183_ACTATCTAGTCAAGCG	Fibroblast C7
4861STDY7387183_ACTTGTTTCCGAAGAG	Endothelial SEMA3G
4861STDY7387183_ACTTTCAAGGTGCTTT	PV MYH11
4861STDY7387183_AGACGTTAGAAGATTC	Fibroblast C7
4861STDY7387183_AGACGTTCATGCATGT	PV MYH11
4861STDY7387183_AGACGTTTCTGATTCT	PV STEAP4
4861STDY7387183_AGCAGCCCAATGGAGC	PV MYH11
4861STDY7387183_AGCGTATCACATGGGA	PV MYH11
4861STDY7387183_AGCTCCTGTGTCGCTG	Fibroblast C7
4861STDY7387183_AGGCCACCAAGTTGTC	Fibroblast C7
4861STDY7387183_AGGCCGTTCTGTACGA	Fibroblast C7
4861STDY7387183_AGTGAGGAGCAGCGTA	PV MYH11
4861STDY7387183_AGTGGGAGTATAAACG	Fibroblast C7
4861STDY7387183_ATAGACCCAACACCCG	Endothelial ACKR1
4861STDY7387183_ATAGACCCAGTTTACG	PV MYH11
4861STDY7387183_ATCATCTTCAACACTG	PV MYH11
4861STDY7387183_ATCATCTTCTTCATGT	Endothelial SEMA3G
4861STDY7387183_ATCTGCCCACGCGAAA	Fibroblast C7
4861STDY7387183_ATCTGCCCATACGCCG	Endothelial SEMA3G
4861STDY7387183_ATGCGATAGAAGGTGA	Fibroblast C7
4861STDY7387183_CAACCAACATTCGACA	Endothelial ACKR1
4861STDY7387183_CAACCTCCAATCACAC	PV MYH11
4861STDY7387183_CAACCTCGTAAAGGAG	uSMC
4861STDY7387183_CAAGATCCAGGGCATA	PV MYH11
4861STDY7387183_CAAGGCCAGAGTGACC	PV MYH11
4861STDY7387183_CAAGGCCGTTATGTGC	PV MYH11
4861STDY7387183_CACACCTCAAACCCAT	PV MYH11
4861STDY7387183_CACCTTGTCGCATGGC	Endothelial ACKR1
4861STDY7387183_CAGAGAGGTTACGCGC	PV MYH11
4861STDY7387183_CAGCGACAGAGGGCTT	Fibroblast C7
4861STDY7387183_CAGCGACCATGAGCGA	PV MYH11
4861STDY7387183_CAGTCCTAGGAGCGAG	uSMC
4861STDY7387183_CATCAAGGTTTAAGCC	Endothelial ACKR1
4861STDY7387183_CATCCACCATGGTCTA	Endothelial ACKR1
4861STDY7387183_CATCGGGTCGGAATCT	Fibroblast C7
4861STDY7387183_CATTATCTCTCCAGGG	Endothelial ACKR1
4861STDY7387183_CCAGCGACAGTCAGAG	PV MYH11
4861STDY7387183_CCCAATCAGGACAGCT	uSMC
4861STDY7387183_CCCAGTTGTGACTACT	PV MYH11
4861STDY7387183_CCCTCCTTCAACCATG	PV MYH11
4861STDY7387183_CCGGTAGCACTTGGAT	PV MYH11
4861STDY7387183_CCGTACTGTCACACGC	Endothelial ACKR1
4861STDY7387183_CCTTTCTGTCCGTGAC	Endothelial ACKR1
4861STDY7387183_CGAACATCATGCCCGA	Fibroblast C7
4861STDY7387183_CGAATGTCACGAGAGT	PV MYH11
4861STDY7387183_CGATGGCTCTGGTGTA	uSMC
4861STDY7387183_CGATGTAGTTCGCGAC	Endothelial ACKR1
4861STDY7387183_CGCTATCTCGTGACAT	Fibroblast C7
4861STDY7387183_CGCTATCTCTTGCATT	Endothelial SEMA3G
4861STDY7387183_CGCTGGATCTCTTGAT	Fibroblast C7
4861STDY7387183_CGGCTAGGTCGGGTCT	Endothelial ACKR1
4861STDY7387183_CGTCACTGTCGTGGCT	Fibroblast C7
4861STDY7387183_CGTCACTTCCGCAAGC	Fibroblast eS
4861STDY7387183_CGTCCATAGACCCACC	Endothelial ACKR1
4861STDY7387183_CGTCTACTCACCCGAG	PV MYH11
4861STDY7387183_CGTTCTGGTGATAAAC	Fibroblast C7
4861STDY7387183_CTAACTTCAGCTATTG	Fibroblast eS
4861STDY7387183_CTACATTTCCTACAGA	PV MYH11
4861STDY7387183_CTACGTCAGGGATACC	Endothelial ACKR1
4861STDY7387183_CTAGAGTGTTGTCTTT	PV MYH11
4861STDY7387183_CTAGTGACAGGATTGG	PV MYH11
4861STDY7387183_CTCACACTCTGGTTCC	Fibroblast eS
4861STDY7387183_CTCGAGGAGCTAGTGG	Endothelial ACKR1
4861STDY7387183_CTCGGAGAGACTAGGC	Endothelial ACKR1
4861STDY7387183_CTCTAATTCAATAAGG	Fibroblast C7
4861STDY7387183_CTCTACGCAACCGCCA	Fibroblast C7
4861STDY7387183_CTCTACGGTTCGAATC	PV MYH11
4861STDY7387183_CTCTGGTGTCGAATCT	PV MYH11
4861STDY7387183_CTGATAGAGACATAAC	PV MYH11
4861STDY7387183_CTGATAGGTATTAGCC	Endothelial SEMA3G
4861STDY7387183_CTGATAGGTCTCACCT	PV MYH11
4861STDY7387183_CTGATAGTCAACTCTT	Fibroblast C7
4861STDY7387183_CTGCCTATCAGGCCCA	Fibroblast C7
4861STDY7387183_CTGGTCTAGTCGTTTG	Endothelial SEMA3G
4861STDY7387183_CTTCTCTAGTCCATAC	Endothelial ACKR1
4861STDY7387183_CTTGGCTAGCCACGCT	Fibroblast C7
4861STDY7387183_GAAGCAGCAGTTAACC	Fibroblast eS
4861STDY7387183_GACACGCTCGTCTGAA	Endothelial ACKR1
4861STDY7387183_GACCTGGAGCTAACTC	PV STEAP4
4861STDY7387183_GACCTGGAGGCATGTG	PV MYH11
4861STDY7387183_GACTAACAGAACAATC	PV MYH11
4861STDY7387183_GACTAACAGTCCTCCT	PV STEAP4
4861STDY7387183_GACTACACAGCCAATT	Endothelial SEMA3G
4861STDY7387183_GAGCAGAAGGGCTTCC	PV MYH11
4861STDY7387183_GAGTCCGGTTTGGGCC	Fibroblast C7
4861STDY7387183_GATGAGGTCCAGATCA	Endothelial ACKR1
4861STDY7387183_GCAATCAAGCTGGAAC	Endothelial ACKR1
4861STDY7387183_GCAATCACAGCAGTTT	Myeloid
4861STDY7387183_GCATACATCCCTTGTG	PV MYH11
4861STDY7387183_GCTCCTAAGTCGTTTG	PV MYH11
4861STDY7387183_GCTGCAGCACGAAATA	Fibroblast C7
4861STDY7387183_GGACATTAGTCAATAG	Fibroblast C7
4861STDY7387183_GGATTACAGTAGCCGA	Endothelial ACKR1
4861STDY7387183_GGATTACTCAGTCAGT	Fibroblast C7
4861STDY7387183_GGCAATTAGCGATATA	Endothelial ACKR1
4861STDY7387183_GGCGTGTCATTCCTCG	Endothelial SEMA3G
4861STDY7387183_GGCTCGACACTTACGA	PV MYH11
4861STDY7387183_GGGACCTTCTTCCTTC	Fibroblast C7
4861STDY7387183_GGGATGAAGGGTCGAT	Fibroblast C7
4861STDY7387183_GGGCATCTCGTGGTCG	PV MYH11
4861STDY7387183_GGTATTGCATACAGCT	Fibroblast C7
4861STDY7387183_GTACGTAAGAGTAATC	PV MYH11
4861STDY7387183_GTCCTCATCACAATGC	PV MYH11
4861STDY7387183_GTCGTAAAGATACACA	PV MYH11
4861STDY7387183_GTGAAGGGTAATCACC	uSMC
4861STDY7387183_GTGAAGGGTTCGGGCT	Endothelial SEMA3G
4861STDY7387183_GTTACAGCACGTCTCT	Endothelial ACKR1
4861STDY7387183_GTTTCTATCTCATTCA	Endothelial ACKR1
4861STDY7387183_TAAGCGTGTCTCTTTA	Endothelial ACKR1
4861STDY7387183_TAAGTGCGTCGCGGTT	Endothelial ACKR1
4861STDY7387183_TACACGACAGTCAGAG	Endothelial ACKR1
4861STDY7387183_TACACGATCGGACAAG	Fibroblast C7
4861STDY7387183_TACGGATTCATGTGGT	PV MYH11
4861STDY7387183_TACTCATGTGATAAGT	Fibroblast C7
4861STDY7387183_TACTCGCAGCTAGTTC	Fibroblast C7
4861STDY7387183_TAGACCAAGAAAGTGG	Fibroblast C7
4861STDY7387183_TAGGCATCATTAGGCT	Endothelial ACKR1
4861STDY7387183_TATCTCAGTGATGATA	uSMC
4861STDY7387183_TCAGGATCAATCTGCA	Endothelial ACKR1
4861STDY7387183_TCGAGGCCAGGTGGAT	Endothelial SEMA3G
4861STDY7387183_TCGCGAGAGTAACCCT	uSMC
4861STDY7387183_TCGGTAATCGAATCCA	Endothelial ACKR1
4861STDY7387183_TCTGAGAAGACGCTTT	PV MYH11
4861STDY7387183_TCTGAGACACCATCCT	Fibroblast C7
4861STDY7387183_TCTGAGACATGGGAAC	PV MYH11
4861STDY7387183_TCTGAGATCACGACTA	Fibroblast C7
4861STDY7387183_TCTTTCCAGTGTCCAT	Endothelial ACKR1
4861STDY7387183_TGACGGCGTTTGGCGC	Endothelial ACKR1
4861STDY7387183_TGCCCTAAGGTTACCT	Fibroblast C7
4861STDY7387183_TGCGGGTTCAACGGCC	PV MYH11
4861STDY7387183_TGCGTGGCAAAGCGGT	Endothelial ACKR1
4861STDY7387183_TGCTACCAGTACGCGA	PV MYH11
4861STDY7387183_TGGTTAGGTGCATCTA	PV MYH11
4861STDY7387183_TGTTCCGTCCATTCTA	Endothelial ACKR1
4861STDY7387183_TTATGCTAGGCCCTTG	Endothelial SEMA3G
4861STDY7387183_TTATGCTGTGACGCCT	Endothelial ACKR1
4861STDY7387183_TTCTCAAGTCTAGCGC	Endothelial ACKR1
4861STDY7387183_TTGTAGGCAAGGCTCC	Fibroblast C7
4861STDY7387183_TTTATGCAGCCAGGAT	Endothelial SEMA3G
4861STDY7387183_TTTGGTTGTTGGGACA	PV MYH11
4861STDY7387183_TTTGTCAAGTCAAGGC	PV MYH11
4861STDY7771115_AAACCTGCACCTGGTG	PV MYH11
4861STDY7771115_AAACCTGTCAGGCGAA	PV MYH11
4861STDY7771115_AACTCAGAGCGGATCA	epi_Glandular
4861STDY7771115_AAGACCTGTAAAGGAG	Endothelial ACKR1
4861STDY7771115_AAGACCTTCCACTGGG	Fibroblast C7
4861STDY7771115_AAGGCAGAGTTTAGGA	Fibroblast C7
4861STDY7771115_ACAGCTAGTAAGTTCC	PV STEAP4
4861STDY7771115_ACATGGTGTGCACTTA	PV MYH11
4861STDY7771115_ACTATCTTCATTTGGG	PV MYH11
4861STDY7771115_ACTGTCCCAGATGAGC	PV STEAP4
4861STDY7771115_ACTGTCCGTACCGTAT	PV STEAP4
4861STDY7771115_AGAGCTTGTCGAGATG	PV MYH11
4861STDY7771115_AGATCTGAGCTTTGGT	PV MYH11
4861STDY7771115_AGCATACCAGATGGGT	Fibroblast C7
4861STDY7771115_AGCGGTCTCCTGTACC	Fibroblast C7
4861STDY7771115_AGCTCCTGTAGTACCT	PV STEAP4
4861STDY7771115_AGCTTGAAGTTAACGA	PV MYH11
4861STDY7771115_AGGGAGTAGCGTGTCC	Fibroblast C7
4861STDY7771115_AGGTCCGCAAGTTCTG	PV MYH11
4861STDY7771115_AGTTGGTAGGACTGGT	Lymphoid
4861STDY7771115_ATAAGAGTCCTAAGTG	PV MYH11
4861STDY7771115_ATCACGACACATGTGT	Endothelial SEMA3G
4861STDY7771115_ATCACGACAGCAGTTT	PV STEAP4
4861STDY7771115_ATCACGATCTGAGGGA	uSMC
4861STDY7771115_ATCATCTAGACAAAGG	PV MYH11
4861STDY7771115_ATCATCTGTAGCTCCG	PV STEAP4
4861STDY7771115_ATCATCTTCAGGTTCA	PV STEAP4
4861STDY7771115_ATGTGTGCACAGGAGT	PV MYH11
4861STDY7771115_ATTGGTGAGCAGATCG	Fibroblast dS
4861STDY7771115_CAACCTCTCGGAGGTA	PV STEAP4
4861STDY7771115_CACACTCGTTCCATGA	uSMC
4861STDY7771115_CACATAGCACCTGGTG	PV STEAP4
4861STDY7771115_CACCACTGTTAGTGGG	PV MYH11
4861STDY7771115_CAGATCAAGGTACTCT	Fibroblast C7
4861STDY7771115_CAGCATATCATTTGGG	PV STEAP4
4861STDY7771115_CAGCGACTCTTGCCGT	Fibroblast C7
4861STDY7771115_CAGCTAATCGCCTGAG	PV STEAP4
4861STDY7771115_CCACTACAGAATAGGG	Fibroblast C7
4861STDY7771115_CCATGTCCATATGCTG	PV MYH11
4861STDY7771115_CCCAATCCATTAGCCA	PV STEAP4
4861STDY7771115_CCGTACTCATTCTTAC	PV STEAP4
4861STDY7771115_CCGTTCAAGTCTCCTC	Fibroblast C7
4861STDY7771115_CCGTTCACATTTGCTT	PV STEAP4
4861STDY7771115_CCTCAGTTCTCATTCA	PV STEAP4
4861STDY7771115_CCTCTGATCTGTTGAG	Endothelial ACKR1
4861STDY7771115_CCTTTCTAGAATAGGG	PV STEAP4
4861STDY7771115_CGGACACGTCTAGCGC	uSMC
4861STDY7771115_CGGACTGTCCCTAACC	uSMC
4861STDY7771115_CGTGAGCAGGCCATAG	PV MYH11
4861STDY7771115_CTCACACCATCACAAC	uSMC
4861STDY7771115_CTCACACGTCCCTACT	Fibroblast C7
4861STDY7771115_CTCGAAAGTGCCTGTG	PV STEAP4
4861STDY7771115_CTCTACGAGGACAGCT	PV MYH11
4861STDY7771115_CTGAAACTCAACGAAA	PV MYH11
4861STDY7771115_CTGCCTACATGCAACT	PV MYH11
4861STDY7771115_CTGCCTAGTGGAAAGA	Fibroblast C7
4861STDY7771115_CTGGTCTGTTCGGGCT	Endothelial ACKR1
4861STDY7771115_GAACATCAGCGACGTA	PV STEAP4
4861STDY7771115_GACACGCCAATGCCAT	PV STEAP4
4861STDY7771115_GACGCGTAGATAGTCA	PV MYH11
4861STDY7771115_GACTACAAGCTGCCCA	PV MYH11
4861STDY7771115_GACTGCGTCTCTGTCG	Lymphoid
4861STDY7771115_GAGTCCGAGCAGGTCA	PV MYH11
4861STDY7771115_GATCGCGCAGATAATG	PV MYH11
4861STDY7771115_GATCGTAGTGACGCCT	PV STEAP4
4861STDY7771115_GATCTAGCAACACCCG	PV MYH11
4861STDY7771115_GATGAAATCGTAGGAG	Fibroblast C7
4861STDY7771115_GATGAGGGTCGGCACT	Fibroblast C7
4861STDY7771115_GCAAACTCAAGGGTCA	Fibroblast C7
4861STDY7771115_GCACTCTGTAGCTAAA	PV MYH11
4861STDY7771115_GCCTCTACATTTCAGG	PV MYH11
4861STDY7771115_GCCTCTATCTTTACAC	uSMC
4861STDY7771115_GCTGCTTGTGATGCCC	epi_Glandular_secretory
4861STDY7771115_GGACAGATCCCTCAGT	PV STEAP4
4861STDY7771115_GGCCGATCATTGGCGC	Fibroblast C7
4861STDY7771115_GGCGTGTAGGAGTTTA	Endothelial SEMA3G
4861STDY7771115_GGCTGGTTCTTGGGTA	PV MYH11
4861STDY7771115_GGGATGACAAGACGTG	PV STEAP4
4861STDY7771115_GGGCATCTCGCATGAT	Endothelial SEMA3G
4861STDY7771115_GGTGCGTAGGTAGCTG	PV MYH11
4861STDY7771115_GTAACGTTCCTTGGTC	PV STEAP4
4861STDY7771115_GTAACTGCATATGAGA	PV STEAP4
4861STDY7771115_GTATTCTTCGGATGTT	PV STEAP4
4861STDY7771115_GTGCAGCAGTCTCAAC	Fibroblast C7
4861STDY7771115_GTGGGTCTCCCTGACT	PV STEAP4
4861STDY7771115_GTGTTAGCATCGGACC	PV STEAP4
4861STDY7771115_GTGTTAGGTAAATGAC	Fibroblast C7
4861STDY7771115_TAAGTGCGTCAGCTAT	uSMC
4861STDY7771115_TACAGTGAGCAGCCTC	PV MYH11
4861STDY7771115_TACCTTAGTCGCCATG	PV MYH11
4861STDY7771115_TACGGATTCCAATGGT	PV STEAP4
4861STDY7771115_TACTCATGTCTCTCGT	Endothelial SEMA3G
4861STDY7771115_TACTCGCCATGTCGAT	epi_Glandular
4861STDY7771115_TACTTGTGTGTTGGGA	Endothelial SEMA3G
4861STDY7771115_TAGTTGGAGGGATCTG	PV MYH11
4861STDY7771115_TATCAGGAGTTTGCGT	PV MYH11
4861STDY7771115_TCAGCAAAGATCTGCT	uSMC
4861STDY7771115_TCAGCTCCAATGGAAT	PV MYH11
4861STDY7771115_TCCACACGTCAGAATA	PV MYH11
4861STDY7771115_TCTATTGAGACATAAC	uSMC
4861STDY7771115_TCTCATAGTCGAATCT	PV MYH11
4861STDY7771115_TCTTCGGTCTGCTTGC	uSMC
4861STDY7771115_TGACGGCTCGGGAGTA	Endothelial ACKR1
4861STDY7771115_TGAGAGGAGTGCAAGC	PV MYH11
4861STDY7771115_TGAGAGGGTCTGCGGT	PV MYH11
4861STDY7771115_TGGCTGGGTCTAGGTT	Endothelial SEMA3G
4861STDY7771115_TGTGGTATCGGAGGTA	PV MYH11
4861STDY7771115_TGTGTTTCATCGATGT	Myeloid
4861STDY7771115_TGTGTTTGTTGGACCC	PV MYH11
4861STDY7771115_TTAACTCAGACTACAA	PV STEAP4
4861STDY7771115_TTAACTCAGTTACCCA	PV MYH11
4861STDY7771115_TTGCGTCCAATCTACG	PV MYH11
4861STDY7771123_AAACGGGGTACCTACA	uSMC
4861STDY7771123_AAAGATGCACATGACT	Myeloid
4861STDY7771123_AAAGATGTCTGCGACG	Endothelial SEMA3G
4861STDY7771123_AACACGTAGAACAACT	uSMC
4861STDY7771123_AACCGCGTCGAACGGA	uSMC
4861STDY7771123_AACTCAGAGACGCACA	Endothelial ACKR1
4861STDY7771123_AACTCCCCACGAAATA	Endothelial SEMA3G
4861STDY7771123_AACTGGTCAGCCTTTC	PV STEAP4
4861STDY7771123_AACTTTCAGGATGCGT	uSMC
4861STDY7771123_AAGCCGCAGTACGTTC	uSMC
4861STDY7771123_AAGCCGCGTAGCGTCC	Endothelial SEMA3G
4861STDY7771123_AAGTCTGGTCACTTCC	Endothelial ACKR1
4861STDY7771123_AAGTCTGTCCGTTGTC	uSMC
4861STDY7771123_ACACCAAAGGGAGTAA	Lymphoid
4861STDY7771123_ACATGGTTCGGAGCAA	PV STEAP4
4861STDY7771123_ACCCACTTCCAAGCCG	Endothelial SEMA3G
4861STDY7771123_ACGCAGCTCAAACAAG	uSMC
4861STDY7771123_ACGGCCATCAGTGCAT	uSMC
4861STDY7771123_ACGTCAATCTGCGACG	uSMC
4861STDY7771123_ACTGAGTAGATCCTGT	epi_Glandular
4861STDY7771123_ACTGCTCGTACAGACG	Fibroblast C7
4861STDY7771123_ACTGCTCTCTTCGGTC	uSMC
4861STDY7771123_ACTGTCCCAGGGTACA	uSMC
4861STDY7771123_ACTTACTTCCGTCAAA	Endothelial ACKR1
4861STDY7771123_AGACGTTAGTGACTCT	Endothelial SEMA3G
4861STDY7771123_AGACGTTGTATGGTTC	uSMC
4861STDY7771123_AGAGCGAAGAATTCCC	Fibroblast C7
4861STDY7771123_AGATCTGGTTTCGCTC	PV STEAP4
4861STDY7771123_AGATTGCTCTGAAAGA	Endothelial ACKR1
4861STDY7771123_AGCAGCCAGCCAGTAG	Endothelial ACKR1
4861STDY7771123_AGCATACGTCATCCCT	epi_Glandular
4861STDY7771123_AGCATACTCCTTGCCA	Fibroblast dS
4861STDY7771123_AGCGTCGTCGTAGGAG	Endothelial ACKR1
4861STDY7771123_AGCTCCTCACTAAGTC	Endothelial SEMA3G
4861STDY7771123_AGCTCTCCAAGCGATG	PV MYH11
4861STDY7771123_AGGCCACGTCTGCCAG	Fibroblast C7
4861STDY7771123_AGGCCGTGTGAAGGCT	Endothelial SEMA3G
4861STDY7771123_AGGGAGTAGTAGCCGA	uSMC
4861STDY7771123_AGGGAGTCATTCTCAT	epi_Glandular
4861STDY7771123_AGGGAGTTCCCGACTT	Fibroblast C7
4861STDY7771123_AGTCTTTTCCCAACGG	uSMC
4861STDY7771123_AGTGGGAAGTGAAGAG	Endothelial SEMA3G
4861STDY7771123_AGTTGGTCAGCTCCGA	uSMC
4861STDY7771123_AGTTGGTTCTTAACCT	PV STEAP4
4861STDY7771123_ATCACGATCACTATTC	Endothelial SEMA3G
4861STDY7771123_ATCATGGAGCCAGGAT	Endothelial ACKR1
4861STDY7771123_ATCATGGGTATCGCAT	Endothelial ACKR1
4861STDY7771123_ATCCGAATCACAATGC	Fibroblast C7
4861STDY7771123_ATCTGCCTCGCCCTTA	Fibroblast C7
4861STDY7771123_ATGAGGGAGTTAACGA	Fibroblast C7
4861STDY7771123_ATGGGAGAGTTGTAGA	PV STEAP4
4861STDY7771123_ATTACTCGTACTTGAC	uSMC
4861STDY7771123_ATTATCCCAGGGCATA	Endothelial ACKR1
4861STDY7771123_ATTATCCTCTGTCTAT	Endothelial ACKR1
4861STDY7771123_ATTCTACGTGATGTGG	PV MYH11
4861STDY7771123_ATTGGACGTCCCTACT	uSMC
4861STDY7771123_ATTTCTGGTTTAGGAA	Endothelial SEMA3G
4861STDY7771123_CAAGAAACAGTACACT	Endothelial SEMA3G
4861STDY7771123_CAAGTTGCATTCCTCG	uSMC
4861STDY7771123_CACAGTAGTCAGCTAT	Endothelial ACKR1
4861STDY7771123_CACATAGAGCTAGTCT	Fibroblast dS
4861STDY7771123_CACCACTCAAGTTAAG	Fibroblast C7
4861STDY7771123_CACCACTCAGGCTCAC	PV MYH11
4861STDY7771123_CACCTTGCAATGGAGC	uSMC
4861STDY7771123_CACTCCAAGCTTCGCG	uSMC
4861STDY7771123_CAGCAGCGTCCCTTGT	Endothelial ACKR1
4861STDY7771123_CAGCAGCGTGGAAAGA	epi_Glandular
4861STDY7771123_CAGCATAGTTGGTTTG	epi_Lumenal 1
4861STDY7771123_CAGCGACTCTTTAGGG	Endothelial ACKR1
4861STDY7771123_CATATTCTCAGTTCGA	Endothelial SEMA3G
4861STDY7771123_CATCAGAAGATCTGAA	Endothelial SEMA3G
4861STDY7771123_CATCAGAGTCAACTGT	Endothelial ACKR1
4861STDY7771123_CATCCACGTGGGTATG	Endothelial SEMA3G
4861STDY7771123_CATCGAATCACAGGCC	uSMC
4861STDY7771123_CATGCCTTCAGCACAT	uSMC
4861STDY7771123_CATTATCTCCTTGACC	Endothelial SEMA3G
4861STDY7771123_CCAATCCGTTCGTCTC	uSMC
4861STDY7771123_CCACGGAGTACAAGTA	uSMC
4861STDY7771123_CCATGTCTCGTCCAGG	PV STEAP4
4861STDY7771123_CCATTCGAGTAGCCGA	Endothelial ACKR1
4861STDY7771123_CCATTCGAGTCGAGTG	Fibroblast C7
4861STDY7771123_CCATTCGCACCAGTTA	Fibroblast C7
4861STDY7771123_CCATTCGTCATAGCAC	Fibroblast C7
4861STDY7771123_CCCAATCTCAGCAACT	Endothelial ACKR1
4861STDY7771123_CCCAGTTCAGACGCTC	Fibroblast C7
4861STDY7771123_CCCAGTTTCATGTCCC	uSMC
4861STDY7771123_CCCAGTTTCGGTCTAA	Fibroblast C7
4861STDY7771123_CCGGGATCATCGTCGG	uSMC
4861STDY7771123_CCGTGGAAGGGAACGG	PV MYH11
4861STDY7771123_CCTAAAGGTGTTGAGG	PV STEAP4
4861STDY7771123_CCTACACCACATAACC	Fibroblast C7
4861STDY7771123_CCTAGCTTCAGTTGAC	Fibroblast C7
4861STDY7771123_CCTCTGAAGAAACCGC	Endothelial ACKR1
4861STDY7771123_CCTTACGAGTTAGGTA	uSMC
4861STDY7771123_CCTTCCCTCTACTATC	uSMC
4861STDY7771123_CGACCTTAGGCACATG	Endothelial SEMA3G
4861STDY7771123_CGACCTTCATGAGCGA	Endothelial SEMA3G
4861STDY7771123_CGACCTTTCGCATGAT	epi_Glandular_secretory
4861STDY7771123_CGAGAAGCAGGATCGA	uSMC
4861STDY7771123_CGAGAAGGTCAATACC	uSMC
4861STDY7771123_CGAGCACCACACGCTG	uSMC
4861STDY7771123_CGAGCACTCACAGGCC	PV MYH11
4861STDY7771123_CGAGCCAAGCTGCCCA	Fibroblast C7
4861STDY7771123_CGATGGCCACTTAACG	uSMC
4861STDY7771123_CGATTGAAGCTTATCG	Endothelial SEMA3G
4861STDY7771123_CGCCAAGCACATGGGA	PV MYH11
4861STDY7771123_CGCGGTAGTGCATCTA	uSMC
4861STDY7771123_CGCGTTTTCAGAGGTG	Endothelial ACKR1
4861STDY7771123_CGCTATCAGCACGCCT	Endothelial ACKR1
4861STDY7771123_CGCTATCCATGCTAGT	PV STEAP4
4861STDY7771123_CGGACACTCTATGTGG	Fibroblast C7
4861STDY7771123_CGGAGCTGTCATGCAT	uSMC
4861STDY7771123_CGGAGTCAGGCCCTTG	uSMC
4861STDY7771123_CGGTTAATCCTTCAAT	Fibroblast C7
4861STDY7771123_CGGTTAATCTACGAGT	Fibroblast C7
4861STDY7771123_CGTAGCGCAAGACGTG	Fibroblast C7
4861STDY7771123_CGTAGCGCAATGGAGC	Endothelial SEMA3G
4861STDY7771123_CGTAGCGGTTGGTTTG	uSMC
4861STDY7771123_CGTAGCGTCCTATGTT	Endothelial SEMA3G
4861STDY7771123_CGTCAGGCACACCGCA	uSMC
4861STDY7771123_CGTGTAACACTCAGGC	Endothelial SEMA3G
4861STDY7771123_CGTTCTGGTAGCGCAA	uSMC
4861STDY7771123_CTACATTAGCCGATTT	epi_Glandular
4861STDY7771123_CTACGTCCAAGCCTAT	uSMC
4861STDY7771123_CTACGTCTCATCTGCC	Endothelial SEMA3G
4861STDY7771123_CTAGTGAAGATGTAAC	Endothelial SEMA3G
4861STDY7771123_CTCACACAGTGAACGC	Fibroblast C7
4861STDY7771123_CTCAGAAAGCGCTTAT	uSMC
4861STDY7771123_CTCAGAAAGGATATAC	Endothelial SEMA3G
4861STDY7771123_CTCAGAACACATTCGA	PV STEAP4
4861STDY7771123_CTCCTAGTCAGCTCGG	epi_Glandular
4861STDY7771123_CTCCTAGTCATGCAAC	uSMC
4861STDY7771123_CTCGAAAAGCGCCTTG	uSMC
4861STDY7771123_CTCGGAGCACTCTGTC	Fibroblast C7
4861STDY7771123_CTCGTACTCGCCTGTT	PV MYH11
4861STDY7771123_CTCGTCACAAAGAATC	uSMC
4861STDY7771123_CTCTACGAGGATGGAA	Endothelial ACKR1
4861STDY7771123_CTCTACGGTTGCCTCT	Fibroblast C7
4861STDY7771123_CTCTGGTAGCACACAG	PV MYH11
4861STDY7771123_CTGCTGTTCCGCGCAA	Endothelial SEMA3G
4861STDY7771123_CTGCTGTTCGTTTAGG	Endothelial ACKR1
4861STDY7771123_CTGTGCTAGATATGGT	epi_Glandular_secretory
4861STDY7771123_CTGTGCTAGTGTCCAT	uSMC
4861STDY7771123_CTGTTTAAGGACATTA	Endothelial SEMA3G
4861STDY7771123_CTGTTTAAGTGAACGC	Lymphoid
4861STDY7771123_CTTCTCTTCCGTTGCT	PV STEAP4
4861STDY7771123_CTTGGCTGTTCGGCAC	uSMC
4861STDY7771123_CTTTGCGCAAGCTGGA	epi_Glandular
4861STDY7771123_CTTTGCGGTGCGGTAA	epi_Glandular
4861STDY7771123_GAAATGAAGTGGCACA	Myeloid
4861STDY7771123_GAACCTACAAGCGTAG	epi_Glandular_secretory
4861STDY7771123_GACAGAGCACTAGTAC	uSMC
4861STDY7771123_GAGCAGACACATGGGA	uSMC
4861STDY7771123_GAGTCCGGTGATGTCT	Myeloid
4861STDY7771123_GAGTCCGTCTACCTGC	epi_Glandular
4861STDY7771123_GATCAGTTCCTTTACA	Fibroblast C7
4861STDY7771123_GATGAAAAGCCGCCTA	uSMC
4861STDY7771123_GATTCAGTCAAGGCTT	uSMC
4861STDY7771123_GCAAACTTCAGTCCCT	Endothelial ACKR1
4861STDY7771123_GCAATCACACCGCTAG	uSMC
4861STDY7771123_GCAGCCATCCACTGGG	Endothelial SEMA3G
4861STDY7771123_GCAGTTAGTTAAGATG	Fibroblast C7
4861STDY7771123_GCATACATCTCGAGTA	uSMC
4861STDY7771123_GCATGATTCAGGCAAG	Fibroblast dS
4861STDY7771123_GCGAGAACAGCTCGCA	uSMC
4861STDY7771123_GCGAGAACAGTCACTA	Endothelial SEMA3G
4861STDY7771123_GCGCAGTGTAGCGTCC	PV STEAP4
4861STDY7771123_GCGGGTTAGTGACTCT	uSMC
4861STDY7771123_GCTCCTACAAGTTAAG	uSMC
4861STDY7771123_GCTCTGTAGTGCGTGA	epi_Glandular
4861STDY7771123_GCTCTGTCAAGAGTCG	epi_Glandular
4861STDY7771123_GCTCTGTCAAGTCTAC	Fibroblast C7
4861STDY7771123_GCTCTGTCATTCCTGC	Endothelial SEMA3G
4861STDY7771123_GCTGCTTCACAGGCCT	uSMC
4861STDY7771123_GCTGCTTGTGTAAGTA	Endothelial SEMA3G
4861STDY7771123_GCTTCCATCACCCTCA	uSMC
4861STDY7771123_GGAATAACAAAGGAAG	uSMC
4861STDY7771123_GGATTACGTATTCTCT	epi_Glandular
4861STDY7771123_GGATTACTCGCCATAA	epi_Glandular_secretory
4861STDY7771123_GGATTACTCGTGGACC	Fibroblast C7
4861STDY7771123_GGATTACTCTGATACG	Fibroblast C7
4861STDY7771123_GGCAATTCACCTATCC	uSMC
4861STDY7771123_GGCCGATTCGGTCTAA	Fibroblast dS
4861STDY7771123_GGCTCGACAGGACGTA	Endothelial ACKR1
4861STDY7771123_GGGAGATCAGTAAGAT	PV STEAP4
4861STDY7771123_GGGCACTTCGTCCGTT	Fibroblast dS
4861STDY7771123_GGGCATCCATGCCACG	uSMC
4861STDY7771123_GGGTCTGAGGAGTAGA	Fibroblast C7
4861STDY7771123_GGGTCTGAGTCCCACG	Fibroblast C7
4861STDY7771123_GGTGAAGGTCTAGGTT	Endothelial ACKR1
4861STDY7771123_GGTGTTAAGCTTATCG	PV STEAP4
4861STDY7771123_GGTGTTAGTTCAGACT	PV MYH11
4861STDY7771123_GTAACTGAGAAACCAT	PV STEAP4
4861STDY7771123_GTAACTGTCTGAGGGA	Endothelial SEMA3G
4861STDY7771123_GTACTCCAGCTGTTCA	Endothelial SEMA3G
4861STDY7771123_GTACTCCAGGTACTCT	uSMC
4861STDY7771123_GTCGGGTCATTCACTT	PV STEAP4
4861STDY7771123_GTCGGGTTCGTAGGTT	Endothelial ACKR1
4861STDY7771123_GTGCAGCAGTGAAGAG	uSMC
4861STDY7771123_GTGCAGCCATTCGACA	epi_Glandular
4861STDY7771123_GTGGGTCGTCTCTTTA	Fibroblast C7
4861STDY7771123_GTTAAGCAGGACACCA	Endothelial SEMA3G
4861STDY7771123_TAAGTGCCAGGGAGAG	Endothelial SEMA3G
4861STDY7771123_TAAGTGCGTAGCTCCG	Endothelial SEMA3G
4861STDY7771123_TAAGTGCGTTCATGGT	uSMC
4861STDY7771123_TACACGAAGATAGCAT	Fibroblast C7
4861STDY7771123_TACACGAAGGCAAAGA	Endothelial SEMA3G
4861STDY7771123_TACGGATCAAGTCTGT	uSMC
4861STDY7771123_TACTCATCAGCTGTTA	Endothelial ACKR1
4861STDY7771123_TACTTGTAGGATGGTC	Fibroblast C7
4861STDY7771123_TACTTGTTCTCCTATA	Fibroblast C7
4861STDY7771123_TAGAGCTCAGCTGTGC	Endothelial ACKR1
4861STDY7771123_TAGCCGGAGGCGATAC	uSMC
4861STDY7771123_TAGTGGTAGGACATTA	epi_Glandular_secretory
4861STDY7771123_TAGTGGTCAGCCAGAA	epi_Glandular
4861STDY7771123_TAGTTGGAGGATGGTC	Endothelial SEMA3G
4861STDY7771123_TATTACCTCGCAAGCC	uSMC
4861STDY7771123_TCAACGATCTCTAGGA	uSMC
4861STDY7771123_TCACAAGAGCGATTCT	PV STEAP4
4861STDY7771123_TCAGGTAGTTGGTTTG	epi_Glandular_secretory
4861STDY7771123_TCATTTGAGAAGAAGC	Lymphoid
4861STDY7771123_TCCACACCAAGGACAC	Endothelial SEMA3G
4861STDY7771123_TCGCGAGCATCCCACT	PV STEAP4
4861STDY7771123_TCGGTAAAGCCACGTC	PV STEAP4
4861STDY7771123_TCGTACCTCCGTTGCT	uSMC
4861STDY7771123_TCGTAGATCCCAACGG	Endothelial SEMA3G
4861STDY7771123_TCTATTGTCTCCCTGA	Endothelial ACKR1
4861STDY7771123_TCTCTAACAAAGGTGC	uSMC
4861STDY7771123_TCTTCGGGTTACGGAG	Fibroblast C7
4861STDY7771123_TCTTTCCTCGGCATCG	uSMC
4861STDY7771123_TGACTTTCAGATGGCA	uSMC
4861STDY7771123_TGAGAGGAGAACTCGG	uSMC
4861STDY7771123_TGAGAGGTCTGCCCTA	Fibroblast C7
4861STDY7771123_TGAGCATCATAACCTG	Fibroblast C7
4861STDY7771123_TGAGCATGTCACTGGC	uSMC
4861STDY7771123_TGATTTCCAAGGTGTG	Endothelial ACKR1
4861STDY7771123_TGATTTCCAATCGAAA	Endothelial SEMA3G
4861STDY7771123_TGATTTCTCCATGCTC	uSMC
4861STDY7771123_TGCACCTTCAATCACG	uSMC
4861STDY7771123_TGCCAAAAGCCGATTT	uSMC
4861STDY7771123_TGCCAAATCGGCTACG	uSMC
4861STDY7771123_TGCCCATTCCCTAATT	PV STEAP4
4861STDY7771123_TGCCCTATCACGAAGG	uSMC
4861STDY7771123_TGCTGCTGTGCAGACA	Endothelial SEMA3G
4861STDY7771123_TGGCTGGGTAATCGTC	uSMC
4861STDY7771123_TGGGAAGTCCAGATCA	epi_Glandular
4861STDY7771123_TGGGAAGTCTTCGGTC	epi_Glandular
4861STDY7771123_TGGGCGTGTAGCGATG	epi_Glandular
4861STDY7771123_TGGTTCCCACATAACC	Endothelial ACKR1
4861STDY7771123_TTAACTCTCAACCATG	uSMC
4861STDY7771123_TTCCCAGGTCAAGCGA	PV STEAP4
4861STDY7771123_TTCGGTCTCAACACGT	uSMC
4861STDY7771123_TTGAACGAGCGATATA	uSMC
4861STDY7771123_TTGCCGTAGGACGAAA	Endothelial ACKR1
4861STDY7771123_TTGCCGTCAGTCACTA	Fibroblast C7
4861STDY7771123_TTGCGTCAGTCAATAG	uSMC
4861STDY7771123_TTTACTGAGGAATGGA	Endothelial SEMA3G
4861STDY7771123_TTTACTGGTTGATTCG	Endothelial ACKR1
4861STDY7771123_TTTATGCAGGATGGTC	PV STEAP4
4861STDY7771123_TTTGCGCAGATATGCA	Endothelial ACKR1
MRC_Endo8625698_AAGGTAATCTGGGCCA	Myeloid
MRC_Endo8625698_ACCGTTCGTGTTCATG	Fibroblast dS
MRC_Endo8625698_ACTATGGAGGCCTTCG	Myeloid
MRC_Endo8625698_ACTTTCATCACCTGGG	Fibroblast C7
MRC_Endo8625698_AGAGCCCTCAACCCGG	Fibroblast C7
MRC_Endo8625698_AGATCGTGTGATGTAA	Fibroblast dS
MRC_Endo8625698_AGGGTCCTCTTCACAT	Fibroblast eS
MRC_Endo8625698_ATAGGCTCAATGCAAA	Lymphoid
MRC_Endo8625698_ATCCGTCGTTGGTAGG	Myeloid
MRC_Endo8625698_ATCCTATAGCCTCCAG	Fibroblast dS
MRC_Endo8625698_ATGGGTTAGTGATGGC	Fibroblast dS
MRC_Endo8625698_ATTCATCCAACTGATC	Myeloid
MRC_Endo8625698_CATCCGTCAAGAGATT	Lymphoid
MRC_Endo8625698_CCCATTGGTTAGGGAC	Lymphoid
MRC_Endo8625698_CGCATAACAGCTGTTA	Fibroblast dS
MRC_Endo8625698_CGTGATAGTGAGATCG	Myeloid
MRC_Endo8625698_CTAACTTAGCAGATAT	Fibroblast C7
MRC_Endo8625698_CTGGCAGTCGCTTGAA	Lymphoid
MRC_Endo8625698_CTTCGGTTCATCTATC	Myeloid
MRC_Endo8625698_GAATAGACAGCGATTT	Myeloid
MRC_Endo8625698_GAATCGTAGACATCAA	Myeloid
MRC_Endo8625698_GATGAGGCAAAGAGTT	Myeloid
MRC_Endo8625698_GCATCGGTCTCTGCTG	Lymphoid
MRC_Endo8625698_GGAGATGGTTTACGTG	Fibroblast dS
MRC_Endo8625698_GGGTCACAGCACCAGA	Myeloid
MRC_Endo8625698_GGGTCACCAACGTATC	Lymphoid
MRC_Endo8625698_GTCCACTCACGCGTGT	Fibroblast eS
MRC_Endo8625698_GTGCGTGCAGCAGAAC	Fibroblast dS
MRC_Endo8625698_GTGTGATTCTATTCGT	Fibroblast dS
MRC_Endo8625698_TACCTCGGTCATCCGG	Fibroblast dS
MRC_Endo8625698_TACCTGCCAGTTTGGT	Myeloid
MRC_Endo8625698_TACTTACGTACGATCT	Lymphoid
MRC_Endo8625698_TATTCCAGTCCGGTGT	Fibroblast dS
MRC_Endo8625698_TATTGGGGTGTTCGTA	Myeloid
MRC_Endo8625698_TCCATGCCACAAGCAG	Fibroblast dS
MRC_Endo8625698_TCCTCGATCTAAGCGT	Fibroblast eS
MRC_Endo8625698_TCTCCGACATACCAGT	Myeloid
MRC_Endo8625698_TCTGGCTTCGTCGCTT	Lymphoid
MRC_Endo8625698_TTCAATCAGGACTTCT	Lymphoid
MRC_Endo8625698_TTGCGTCAGGCCTGAA	Myeloid
MRC_Endo8625698_TTGGTTTTCGGCATAT	Fibroblast dS
MRC_Endo8625698_TTGTTCACACAAGCCC	Myeloid
MRC_Endo8625698_TTTCATGAGATGTTAG	Fibroblast dS
MRC_Endo8625699_ACACGCGTCTAGAGCT	epi_Glandular_secretory
MRC_Endo8625699_ACATCCCGTCACGACC	Fibroblast eS
MRC_Endo8625699_ACGTAACTCAGTCACA	epi_Glandular_secretory
MRC_Endo8625699_AGACCCGCAAGTTGGG	Fibroblast dS
MRC_Endo8625699_AGGCTGCGTATCGCGC	Endothelial SEMA3G
MRC_Endo8625699_ATCGTCCGTGCCGGTT	Fibroblast eS
MRC_Endo8625699_ATTACCTGTATTGACC	Lymphoid
MRC_Endo8625699_ATTCACTTCGAGAGCA	epi_Glandular_secretory
MRC_Endo8625699_ATTCTTGGTCCACAGC	Fibroblast dS
MRC_Endo8625699_CATAAGCGTTTACGTG	PV STEAP4
MRC_Endo8625699_CCCTTAGTCGTCTAAG	Fibroblast dS
MRC_Endo8625699_CGGGTCACAAGTTGGG	Fibroblast dS
MRC_Endo8625699_CTGATCCAGGTAAACT	Lymphoid
MRC_Endo8625699_GAAGCGAAGCGCCGTT	Fibroblast dS
MRC_Endo8625699_GAATCACAGGCACAAC	epi_Glandular_secretory
MRC_Endo8625699_GAGTGAGGTATCGTTG	Myeloid
MRC_Endo8625699_GCTGCAGGTCGTATTG	Fibroblast C7
MRC_Endo8625699_GGAATCTCAGGCACAA	Lymphoid
MRC_Endo8625699_GGAGAACCACCGGAAA	epi_Glandular_secretory
MRC_Endo8625699_GGGCGTTTCTCGAACA	Fibroblast dS
MRC_Endo8625699_GTAGAAATCTACACAG	Lymphoid
MRC_Endo8625699_TAGGTACTCTTGCGCT	Lymphoid
MRC_Endo8625699_TAGTGCATCGCTGATA	Lymphoid
MRC_Endo8625699_TATCTGTCACTTACAG	Lymphoid
MRC_Endo8625699_TCAATCTTCATTATCC	Fibroblast dS
MRC_Endo8625699_TCACAAGGTCTCTCAC	Lymphoid
MRC_Endo8625699_TCACATTTCACTGAAC	epi_Glandular
MRC_Endo8625699_TCACGGGCACTGTCCT	Fibroblast dS
MRC_Endo8625699_TCAGTCCAGTATGATG	Lymphoid
MRC_Endo8625699_TCGTGCTCAAGACGAC	Lymphoid
MRC_Endo8625699_TGAGTCAAGGCTCAAG	epi_Glandular_secretory
MRC_Endo8625699_TGCGGCACATGACTGT	epi_Glandular_secretory
MRC_Endo8625699_TGGCGTGGTAGGTACG	Lymphoid
MRC_Endo8625699_TGGTGATGTCACCTTC	Fibroblast eS
MRC_Endo8625699_TGTCCCAGTAGAGTTA	Lymphoid
MRC_Endo8625699_TTCATTGTCAACCCGG	PV MYH11
MRC_Endo8625699_TTCTAACGTTTGCAGT	Fibroblast dS
MRC_Endo8625699_TTCTCTCTCAGCTGTA	epi_Glandular_secretory
MRC_Endo8625699_TTCTTCCGTTCTAAGC	Fibroblast dS
MRC_Endo8712024_AGAAATGCAAGGGTCA	Myeloid
MRC_Endo8712024_ATGGATCAGCTCATAC	Lymphoid
MRC_Endo8712024_CTTCCGAAGGGTGAAA	Lymphoid
MRC_Endo8712024_GCACGGTGTTACACAC	Fibroblast dS
MRC_Endo8712024_GCAGCCATCAGCGCAC	Myeloid
MRC_Endo8712024_TGTGGCGGTAGCTTTG	PV STEAP4
MRC_Endo8712024_TTGAACGGTATGCTTG	Lymphoid
MRC_Endo8712032_AACAAAGGTCACGACC	epi_Glandular
MRC_Endo8712032_AGCGCTGCACTAAACC	Fibroblast eS
MRC_Endo8712032_AGTGTTGAGGTTACAA	PV STEAP4
MRC_Endo8712032_CATACTTTCGGCTGGT	Fibroblast eS
MRC_Endo8712032_CATGCTCCATCACAGT	Myeloid
MRC_Endo8712032_GACTGATGTAGCGTCC	Fibroblast eS
MRC_Endo8712032_GATCATGCACTCCTGT	Endothelial SEMA3G
MRC_Endo8712032_GCAGCTGAGCATGCGA	epi_Lumenal 1
MRC_Endo8712032_GGGTGAAAGGTATCTC	epi_Glandular
MRC_Endo8712032_GGGTTTATCAGACCCG	Fibroblast eS
MRC_Endo8712032_GTGATGTTCCCAGGAC	Fibroblast dS
MRC_Endo8712032_GTGTGATGTCTTAGTG	Fibroblast dS
MRC_Endo8715415_AAACCCACAGCTACTA	Lymphoid
MRC_Endo8715415_AATCACGTCTCCCTAG	Lymphoid
MRC_Endo8715415_AATGACCAGTAACAGT	Myeloid
MRC_Endo8715415_AATGCCAGTCGCACGT	Lymphoid
MRC_Endo8715415_ACTGCAAGTTCTCCCA	Lymphoid
MRC_Endo8715415_ACTTATCGTCTCTCCA	Myeloid
MRC_Endo8715415_ATACCTTTCTTTGCAT	Lymphoid
MRC_Endo8715415_ATGAGTCAGTAGGATT	Lymphoid
MRC_Endo8715415_ATGATCGGTGCCGTTG	Myeloid
MRC_Endo8715415_CGGTCAGGTCTGTGGC	Lymphoid
MRC_Endo8715415_GCAGCCAGTGTCCAAT	Lymphoid
MRC_Endo8715415_GCCGTGAAGGTGCATG	Lymphoid
MRC_Endo8715415_GTAATCGTCTCACCCA	Lymphoid
MRC_Endo8715415_GTCTAGAAGTAGTCTC	Lymphoid
MRC_Endo8715415_TTCAATCCAGTTAGGG	Fibroblast eS
MRC_Endo8715416_AAATGGAAGGAGAGGC	Endothelial ACKR1
MRC_Endo8715416_AACACACCACCAGCCA	Fibroblast eS
MRC_Endo8715416_AACGGGAGTCTCAGGC	epi_SOX9_prolif
MRC_Endo8715416_AAGTCGTAGGCATCGA	epi_SOX9_prolif
MRC_Endo8715416_AATCGTGCAGCTGGTC	Myeloid
MRC_Endo8715416_ACAAAGAAGAGAGGGC	Fibroblast eS
MRC_Endo8715416_ACCATTTAGAAGTGTT	epi_SOX9_LGR5
MRC_Endo8715416_ACTCTCGAGTAGTCAA	epi_SOX9_prolif
MRC_Endo8715416_AGACCATCAAGACCTT	epi_SOX9_prolif
MRC_Endo8715416_AGATCCATCAAAGACA	Myeloid
MRC_Endo8715416_AGATCGTTCACTACTT	Fibroblast eS
MRC_Endo8715416_AGCCAGCCATTGCAAC	PV STEAP4
MRC_Endo8715416_AGCGATTAGCAACAGC	epi_SOX9_prolif
MRC_Endo8715416_AGCGCTGTCTGAGCAT	epi_SOX9_prolif
MRC_Endo8715416_AGGACGATCCGATAGT	epi_SOX9
MRC_Endo8715416_AGTTAGCGTCTCCCTA	epi_SOX9
MRC_Endo8715416_ATCCACCTCAACTACG	epi_SOX9_prolif
MRC_Endo8715416_ATTCATCGTGTACATC	epi_SOX9
MRC_Endo8715416_CAAGCTAAGTGTTCCA	Fibroblast eS
MRC_Endo8715416_CAGATCACAAGTTCCA	epi_SOX9_prolif
MRC_Endo8715416_CATCAAGTCTAAACGC	epi_SOX9
MRC_Endo8715416_CCACGTTCAACTGCCG	epi_SOX9_prolif
MRC_Endo8715416_CCCTGATCAAGTGGAC	PV STEAP4
MRC_Endo8715416_CCGGACATCCCATAGA	epi_SOX9_prolif
MRC_Endo8715416_CCTAACCGTAGACAAT	epi_SOX9
MRC_Endo8715416_CCTACGTTCAAAGGTA	epi_SOX9_prolif
MRC_Endo8715416_CCTCCAACACGCAGTC	epi_SOX9
MRC_Endo8715416_CGTTCTGAGGCATTTC	epi_SOX9_prolif
MRC_Endo8715416_CTACCCATCGTCAAAC	epi_SOX9
MRC_Endo8715416_CTCAACCTCATGAGAA	Myeloid
MRC_Endo8715416_CTCCCTCAGGTTTACC	epi_SOX9_prolif
MRC_Endo8715416_CTCCCTCCATGTCAGT	epi_SOX9
MRC_Endo8715416_CTCCTCCGTCGAGCAA	epi_SOX9_prolif
MRC_Endo8715416_CTCTGGTAGATCGCTT	Fibroblast eS
MRC_Endo8715416_CTGCCTATCGTCTCAC	Fibroblast eS
MRC_Endo8715416_CTGGTCTTCGTTAGAC	epi_SOX9_prolif
MRC_Endo8715416_CTGTGAATCTGGGTCG	epi_SOX9
MRC_Endo8715416_CTTCAATAGACCACGA	epi_SOX9_prolif
MRC_Endo8715416_CTTCCGACATCCAACA	Myeloid
MRC_Endo8715416_GACCCTTAGTTGCTGT	epi_SOX9
MRC_Endo8715416_GACTGATAGCATCAGG	Fibroblast eS
MRC_Endo8715416_GCCAGCACAATAGTGA	epi_SOX9_prolif
MRC_Endo8715416_GCGTTTCGTGCCGTTG	epi_SOX9_prolif
MRC_Endo8715416_GCTTTCGAGTAGCCAG	epi_SOX9_LGR5
MRC_Endo8715416_GGAAGTGGTTAAGCAA	Fibroblast eS
MRC_Endo8715416_GGGTTATGTGGTCAAG	epi_SOX9_prolif
MRC_Endo8715416_GGTGTTAGTCGTTCAA	epi_SOX9
MRC_Endo8715416_GTAATGCTCATCGCTC	Fibroblast eS
MRC_Endo8715416_GTCCCATAGCGCAATG	Fibroblast eS
MRC_Endo8715416_GTCTAGAAGTACAGCG	epi_SOX9_prolif
MRC_Endo8715416_GTGATGTCAATGGCAG	epi_SOX9_prolif
MRC_Endo8715416_GTGATGTCAGACACCC	epi_SOX9_prolif
MRC_Endo8715416_GTTAGACCAGGCACTC	Myeloid
MRC_Endo8715416_TAAGCCATCCTCTAAT	epi_SOX9
MRC_Endo8715416_TACACCCAGTCGCTAT	epi_SOX9
MRC_Endo8715416_TACGCTCTCGACCACG	epi_SOX9_prolif
MRC_Endo8715416_TCAAGACCAAACACCT	epi_SOX9_prolif
MRC_Endo8715416_TCACGGGCAAGAGGCT	Fibroblast eS
MRC_Endo8715416_TCATATCCAGTGTACT	epi_SOX9_prolif
MRC_Endo8715416_TCATGCCAGCCTCAAT	epi_SOX9_prolif
MRC_Endo8715416_TCATTCATCCCATTCG	epi_SOX9
MRC_Endo8715416_TCATTTGCATCCAATG	epi_SOX9_prolif
MRC_Endo8715416_TCCTCTTCAGCGTTTA	epi_SOX9_prolif
MRC_Endo8715416_TCCTTTCAGTCGAAGC	epi_SOX9_prolif
MRC_Endo8715416_TCTATACTCTTAGCCC	Myeloid
MRC_Endo8715416_TCTATCAAGCTTCTAG	epi_SOX9
MRC_Endo8715416_TGAGCATGTAGCGCCT	epi_SOX9_prolif
MRC_Endo8715416_TGATCAGAGCACGATG	epi_SOX9_prolif
MRC_Endo8715416_TGTAACGCACCCTGTT	epi_SOX9_prolif
MRC_Endo8715416_TGTTACTCAGAGGAAA	Fibroblast eS
MRC_Endo8715416_TTACCGCTCGCTTACC	Lymphoid
MRC_Endo8715416_TTCCACGCACTGGACC	PV STEAP4
MRC_Endo8715416_TTCGCTGAGTCCCGAC	epi_SOX9_prolif
MRC_Endo8715416_TTGGGTACATTGCCGG	epi_SOX9
MRC_Endo8715416_TTGGTTTTCATACGAC	epi_SOX9_prolif
MRC_Endo8715416_TTGTTCACACGCGCAT	Fibroblast eS
MRC_Endo8715416_TTTGACTAGTGGACGT	epi_SOX9_LGR5
GSM4577306_AACCAACCAATACAGA	epi_Lumenal 2
GSM4577306_AAGACTCAGGCGACAT	epi_SOX9
GSM4577306_AAGTGAAGTCGAAACG	epi_SOX9
GSM4577306_AATGACCTCATCCTGC	Fibroblast dS
GSM4577306_ACAACCAAGAAACTGT	epi_SOX9_LGR5
GSM4577306_ACACTGATCTTCCTAA	epi_SOX9_LGR5
GSM4577306_ACGTACAGTTGCATAC	epi_SOX9_prolif
GSM4577306_ACTTATCCACAGACGA	epi_SOX9
GSM4577306_ACTTCCGAGTTGAAAC	epi_Glandular
GSM4577306_AGGACGATCCATGAGT	epi_SOX9_prolif
GSM4577306_AGGATAAAGCCTTGAT	epi_SOX9_LGR5
GSM4577306_AGTAGTCCAATCCAGT	epi_Ciliated
GSM4577306_ATACCTTCATTCATCT	epi_Glandular
GSM4577306_ATAGAGACATGTACGT	epi_SOX9_LGR5
GSM4577306_ATCGATGAGGGCAATC	epi_SOX9_prolif
GSM4577306_ATTCAGGTCCTCTGCA	epi_SOX9_prolif
GSM4577306_ATTCCCGGTGCCTATA	epi_SOX9
GSM4577306_ATTTACCTCGCTTAAG	epi_SOX9_LGR5
GSM4577306_ATTTCTGGTTGCGGCT	epi_SOX9
GSM4577306_CAAGAGGTCATAGGCT	epi_SOX9_LGR5
GSM4577306_CACAGGCTCAGCGCAC	epi_SOX9
GSM4577306_CACGAATGTCCAGGTC	epi_SOX9_prolif
GSM4577306_CACGTGGCATCCGTGG	epi_Glandular
GSM4577306_CACGTTCAGGGTTAAT	epi_SOX9
GSM4577306_CACTGAAAGAAGTGTT	epi_SOX9
GSM4577306_CACTGGGCAAGGCTTT	epi_Glandular
GSM4577306_CATGCGGTCTGGACTA	epi_Glandular
GSM4577306_CATTGTTGTATCATGC	epi_SOX9_LGR5
GSM4577306_CCACACTCAGTGTGCC	epi_Glandular
GSM4577306_CCACCATTCACATCAG	Endothelial ACKR1
GSM4577306_CCTCCTCCAGCGTAGA	epi_Lumenal 2
GSM4577306_CCTGCATGTGTGACCC	epi_SOX9
GSM4577306_CGAGAAGTCTCCCTAG	Fibroblast eS
GSM4577306_CGAGGAAGTTATGGTC	epi_SOX9_LGR5
GSM4577306_CGATCGGGTTACGCCG	Endothelial SEMA3G
GSM4577306_CGGACACTCATTTGGG	epi_SOX9_LGR5
GSM4577306_CGGCAGTTCATTCGTT	epi_SOX9
GSM4577306_CTATAGGGTAGACGTG	epi_Glandular_secretory
GSM4577306_CTATAGGGTGTATTCG	epi_SOX9_prolif
GSM4577306_CTCATCGAGGCATTTC	epi_SOX9_LGR5
GSM4577306_CTCCAACTCGGACCAC	epi_SOX9
GSM4577306_CTCCCTCTCCACGTAA	epi_SOX9
GSM4577306_CTGCTCATCAGCAATC	epi_Glandular
GSM4577306_CTGTACCTCGAATCCA	epi_SOX9
GSM4577306_CTGTAGAAGACGCATG	epi_SOX9_LGR5
GSM4577306_GAAATGATCTGGGCGT	epi_Glandular
GSM4577306_GACTCTCGTATGAGAT	epi_Glandular
GSM4577306_GACTGATTCCTGTTAT	epi_Lumenal 2
GSM4577306_GAGGCCTGTATGCTAC	epi_Ciliated
GSM4577306_GATTCTTAGCAGCCTC	epi_Lumenal 2
GSM4577306_GCTGAATGTTTCCCAC	epi_Glandular_secretory
GSM4577306_GCTGCAGAGTATCCTG	epi_Glandular
GSM4577306_GGAGCAACAGCTGAGA	epi_Glandular
GSM4577306_GGGTGAACATACCAGT	epi_SOX9_LGR5
GSM4577306_GGTGGCTGTGACTATC	epi_Lumenal 2
GSM4577306_GGTGTCGAGGGTTTCT	epi_SOX9_prolif
GSM4577306_GTAGCTAAGTTCATCG	epi_SOX9_LGR5
GSM4577306_GTCACGGAGCACGGAT	epi_Glandular
GSM4577306_GTCATGAAGCGATGAC	epi_SOX9
GSM4577306_GTTAGTGAGCATCAGG	epi_SOX9
GSM4577306_GTTTACTGTCACAGAG	Myeloid
GSM4577306_TACCGAACAATCAAGA	epi_SOX9_LGR5
GSM4577306_TACTTGTTCCCATAGA	epi_SOX9
GSM4577306_TAGACCATCCTTCTTC	epi_SOX9_LGR5
GSM4577306_TAGGAGGAGGATTCCT	epi_SOX9
GSM4577306_TCACGGGGTATGTGTC	epi_Glandular
GSM4577306_TCAGTCCCACCATATG	epi_SOX9_LGR5
GSM4577306_TCCACGTAGCAACTCT	epi_Glandular
GSM4577306_TCCGGGAGTCGCAACC	Fibroblast dS
GSM4577306_TCGGTCTAGACGGAAA	epi_SOX9
GSM4577306_TGAGCATTCATCACTT	epi_SOX9_LGR5
GSM4577306_TGAGGAGAGCAGCACA	epi_Ciliated
GSM4577306_TGAGGGAAGACATCCT	epi_SOX9_LGR5
GSM4577306_TGCACGGAGGAGACCT	epi_Ciliated
GSM4577306_TGCTCCACATATCTCT	epi_Lumenal 2
GSM4577306_TTATTGCAGTGGTCAG	epi_SOX9_prolif
GSM4577306_TTCGGTCGTCACCCTT	epi_SOX9
GSM4577306_TTTCATGGTACCTTCC	epi_Ciliated
GSM4577306_TTTGGAGTCGTCGACG	epi_SOX9
GSM4577307_AAAGGATTCAAATAGG	epi_SOX9_prolif
GSM4577307_AACAAAGAGTTGAATG	epi_SOX9_LGR5
GSM4577307_AACAACCTCTGATGGT	epi_Pre-ciliated
GSM4577307_AACCAACCATTAGGAA	epi_Pre-ciliated
GSM4577307_AACGAAACACCACATA	epi_SOX9
GSM4577307_AAGAACATCCTACGAA	epi_SOX9_prolif
GSM4577307_AAGTGAAAGTCTGCGC	epi_SOX9
GSM4577307_AATAGAGGTCTGTCCT	epi_SOX9
GSM4577307_AATTCCTGTTCAAGGG	epi_Pre-ciliated
GSM4577307_ACACGCGTCCGGGACT	epi_SOX9_LGR5
GSM4577307_ACATTTCGTTTAAGGA	epi_Pre-ciliated
GSM4577307_ACATTTCTCACGGAGA	epi_SOX9
GSM4577307_ACGGAAGGTCGCAACC	epi_Ciliated LRG5
GSM4577307_ACGTTCCTCTAGCATG	epi_SOX9_prolif
GSM4577307_ACTATCTCAGGGAATC	epi_SOX9_LGR5
GSM4577307_ACTGCAAAGTCTGCGC	epi_Pre-ciliated
GSM4577307_ACTTATCAGCGGGTAT	epi_SOX9_LGR5
GSM4577307_AGAAGCGCACCGCTGA	epi_SOX9
GSM4577307_AGACCATGTATGTCCA	epi_SOX9
GSM4577307_AGACTCACAATGAAAC	epi_SOX9_LGR5
GSM4577307_AGGACGAAGCTACGTT	epi_Ciliated
GSM4577307_AGGATAAAGGACACTG	epi_SOX9
GSM4577307_AGGCTGCTCGTAGTCA	epi_SOX9_prolif
GSM4577307_AGGTTACAGGAGAGTA	epi_Pre-ciliated
GSM4577307_AGTGATCAGAGCTTTC	epi_SOX9_prolif
GSM4577307_ATACCGACAAGGTCGA	epi_Pre-ciliated
GSM4577307_ATACTTCAGCTCTTCC	epi_SOX9_LGR5
GSM4577307_ATCTTCAGTAAGCAAT	epi_SOX9
GSM4577307_ATTCTTGTCGGCTATA	epi_SOX9_LGR5
GSM4577307_ATTGTTCGTCTCTCTG	epi_SOX9_LGR5
GSM4577307_CAACGGCCAAGACCTT	epi_SOX9_prolif
GSM4577307_CACAGGCGTTTGGGTT	epi_SOX9_prolif
GSM4577307_CACGAATGTGACTCTA	epi_SOX9
GSM4577307_CACGAATTCCCAGCGA	epi_Ciliated
GSM4577307_CAGATTGCAAGTGATA	epi_SOX9_LGR5
GSM4577307_CAGGCCATCTCGTCAC	epi_SOX9
GSM4577307_CATACCCTCACAAGGG	epi_SOX9_prolif
GSM4577307_CCATAAGAGTAGGTTA	epi_Ciliated LRG5
GSM4577307_CCCTGATTCCATCCGT	epi_Ciliated
GSM4577307_CCCTTAGGTGTTGATC	epi_Pre-ciliated
GSM4577307_CCGGTAGCAATAGTGA	epi_SOX9_LGR5
GSM4577307_CCTCAGTAGGTAGATT	epi_SOX9_LGR5
GSM4577307_CCTCTAGCATTCATCT	epi_Pre-ciliated
GSM4577307_CGACAGCAGTCCCAGC	epi_SOX9_LGR5
GSM4577307_CGGGTCATCGTGGCGT	epi_SOX9_LGR5
GSM4577307_CTACCTGAGCTTAGTC	epi_SOX9_LGR5
GSM4577307_CTAGACATCTTCCAGC	epi_SOX9_prolif
GSM4577307_CTCAGTCCAAGCTGCC	epi_Pre-ciliated
GSM4577307_CTCATGCCACCCATAA	epi_SOX9_LGR5
GSM4577307_CTTCTCTCAGCGGTCT	epi_SOX9_prolif
GSM4577307_CTTTCAAAGACCGTTT	epi_SOX9
GSM4577307_GAAATGAAGCTCACTA	epi_SOX9_LGR5
GSM4577307_GAGCTGCGTCTGCATA	epi_Pre-ciliated
GSM4577307_GATCACAAGAGTCACG	epi_SOX9_prolif
GSM4577307_GCACGGTGTCCAGCAC	epi_Ciliated
GSM4577307_GCAGCCAGTCTTCGAA	epi_Pre-ciliated
GSM4577307_GCATTAGAGCTGGCCT	epi_SOX9_prolif
GSM4577307_GGACGTCGTCCGGTGT	epi_SOX9_LGR5
GSM4577307_GGAGAACGTCACAGTT	epi_SOX9_prolif
GSM4577307_GGCAGTCAGTGTAGTA	epi_SOX9_LGR5
GSM4577307_GGCTTTCCAGGTGTTT	epi_SOX9
GSM4577307_GGGATGATCCGAGTGC	epi_Pre-ciliated
GSM4577307_GGGTTTAGTTTCCATT	epi_Ciliated
GSM4577307_GTAGGTTTCGGCATTA	epi_SOX9_LGR5
GSM4577307_GTCAAGTAGAAGTCTA	epi_SOX9
GSM4577307_GTGACGCTCGAACACT	epi_Pre-ciliated
GSM4577307_GTTAGACTCTTTGATC	epi_SOX9_LGR5
GSM4577307_GTTTGGACAAAGCGTG	epi_SOX9
GSM4577307_TACCCACTCGCATAGT	epi_Ciliated
GSM4577307_TACCCGTAGTGGCCTC	epi_Ciliated
GSM4577307_TAGATCGTCATGAGAA	epi_SOX9_LGR5
GSM4577307_TAGGTTGTCGAACGCC	epi_SOX9
GSM4577307_TCACATTGTACAGAAT	epi_SOX9
GSM4577307_TCAGTTTAGGGTCAAC	epi_SOX9
GSM4577307_TCCTCCCGTGGCTCTG	epi_SOX9_LGR5
GSM4577307_TCGACGGCAGCTGGTC	epi_SOX9_prolif
GSM4577307_TCTATACAGCGAGTAC	epi_SOX9
GSM4577307_TCTTAGTGTCATGACT	epi_SOX9_prolif
GSM4577307_TGACTCCTCATTGAGC	epi_SOX9_LGR5
GSM4577307_TGATTCTCAATGTCAC	epi_SOX9_LGR5
GSM4577307_TGCATGAGTTGCAAGG	epi_SOX9
GSM4577307_TGCTCCAAGCGATTCT	epi_SOX9
GSM4577307_TGGGTTACACGTACAT	epi_SOX9_prolif
GSM4577307_TGGTGATCAAGGACAC	epi_SOX9_LGR5
GSM4577307_TGTGGCGGTGCCGTAC	Lymphoid
GSM4577307_TTCCACGCACTACACA	epi_Pre-ciliated
GSM4577307_TTCGATTCACCCAAGC	epi_SOX9_prolif
GSM4577307_TTGACCCCAAGCTCTA	epi_SOX9_LGR5
GSM4577307_TTGACCCTCCCGAGGT	epi_SOX9_LGR5
GSM4577307_TTGCCTGAGGGACTGT	epi_SOX9_LGR5
GSM4577307_TTGGGCGGTCCTACGG	epi_SOX9_LGR5
GSM4577307_TTGTGGAGTGTGCTTA	epi_SOX9_prolif
GSM4577307_TTTGGTTGTCGCGGTT	epi_Pre-ciliated
GSM4577307_TTTGGTTTCTGTCGCT	epi_SOX9_LGR5
GSM4577308_AACAAAGCAGGGACTA	epi_Glandular_secretory
GSM4577308_AACAACCAGGCTCCCA	Fibroblast C7
GSM4577308_AACGAAAGTACTCCCT	epi_Glandular_secretory
GSM4577308_ACATTTCTCTATCGTT	Myeloid
GSM4577308_ACCCTTGTCGCATAGT	epi_Glandular_secretory
GSM4577308_ACGGAAGGTAGCGTTT	epi_Ciliated LRG5
GSM4577308_ACGGGTCTCTACGCAA	epi_Ciliated LRG5
GSM4577308_ACGTAGTAGTAGTGCG	epi_Glandular_secretory
GSM4577308_ACTACGAGTCGAGCTC	Fibroblast dS
GSM4577308_ACTATGGAGACGCAGT	PV STEAP4
GSM4577308_ACTTAGGTCCCGAACG	epi_Glandular_secretory
GSM4577308_AGATCCAAGTCATGCT	epi_Glandular_secretory
GSM4577308_AGCGCTGCAATTCTCT	epi_Glandular_secretory
GSM4577308_AGGATCTGTTACGCCG	epi_Glandular_secretory
GSM4577308_AGGTAGGGTAGGGAGG	epi_Glandular_secretory
GSM4577308_AGTGCCGCACCGGTCA	Fibroblast dS
GSM4577308_ATAGAGAAGACTTAAG	epi_Glandular_secretory
GSM4577308_ATATCCTGTGTGATGG	epi_Glandular_secretory
GSM4577308_ATATCCTTCTCTCCGA	epi_Glandular_secretory
GSM4577308_ATCACTTCAAACTAGA	Fibroblast dS
GSM4577308_ATCGATGTCTTGAGCA	epi_Glandular_secretory
GSM4577308_ATTCACTCACCAAAGG	epi_Glandular_secretory
GSM4577308_CACTGGGGTGGTCCGT	Fibroblast dS
GSM4577308_CATGAGTAGAATCGTA	epi_Glandular_secretory
GSM4577308_CCAATTTCACGTGTGC	Myeloid
GSM4577308_CGCATAACACCGTCTT	epi_Glandular_secretory
GSM4577308_CGCATAATCATGCAGT	epi_Glandular_secretory
GSM4577308_CGCCATTAGTGCCCGT	Fibroblast dS
GSM4577308_CGGAACCTCATTCCTA	Fibroblast dS
GSM4577308_CGGACACAGGGCGAAG	epi_Glandular_secretory
GSM4577308_CGGAGAACACTTACAG	epi_Glandular_secretory
GSM4577308_CTAACTTAGGGTGAAA	Fibroblast dS
GSM4577308_CTACCCACAGGGATAC	Endothelial ACKR1
GSM4577308_CTCTCGACACCAGCCA	epi_Glandular_secretory
GSM4577308_GACCCAGTCCGCAAAT	epi_Glandular_secretory
GSM4577308_GACCCTTGTAAGATTG	PV STEAP4
GSM4577308_GAGACCCAGAGTCAAT	epi_Glandular_secretory
GSM4577308_GAGTCATAGGCTGAAC	epi_Glandular
GSM4577308_GAGTGTTTCCAGCTCT	epi_Glandular_secretory
GSM4577308_GATTTCTCAGACGCTC	epi_Glandular_secretory
GSM4577308_GCTGGGTGTCCATCTC	epi_Glandular_secretory
GSM4577308_GCTTTCGAGAGGGTGG	epi_Glandular_secretory
GSM4577308_GGAGATGGTCATCTAG	Fibroblast dS
GSM4577308_GGCACGTAGGAGAATG	PV STEAP4
GSM4577308_GGTTGTATCTATCGCC	epi_Glandular_secretory
GSM4577308_GTTCTATGTCAGTCCG	Fibroblast dS
GSM4577308_TACGCTCTCCACACAA	epi_Glandular_secretory
GSM4577308_TACTTGTCAGGCGTTC	epi_Glandular_secretory
GSM4577308_TAGACTGAGGATATGT	epi_SOX9_LGR5
GSM4577308_TCAAGCACAACCGATT	Fibroblast dS
GSM4577308_TCATTACAGCGTTAGG	epi_Glandular_secretory
GSM4577308_TCCTCGAGTAGGTTTC	Fibroblast dS
GSM4577308_TCGCACTTCTAACGCA	Fibroblast dS
GSM4577308_TCTCACGGTCGTCATA	Lymphoid
GSM4577308_TCTGCCAGTCGTCGGT	epi_Glandular_secretory
GSM4577308_TGAGGAGCACCGCTAG	epi_Glandular
GSM4577308_TGATCAGTCGTCGCTT	epi_Glandular_secretory
GSM4577308_TGCATCCAGCACTCCG	epi_Glandular_secretory
GSM4577308_TGCGGCATCAGCTGTA	epi_Glandular
GSM4577308_TGTGCGGTCGATCCAA	epi_Glandular
GSM4577308_TGTTGAGAGCGCATCC	epi_Glandular_secretory
GSM4577308_TTGTGTTCAGTCGTTA	epi_Glandular_secretory
GSM4577308_TTGTTGTAGCGTTCAT	Fibroblast dS
GSM4577309_AAGTCGTTCAAACGTC	epi_Lumenal 1
GSM4577309_AAGTTCGAGAAGTCAT	epi_Lumenal 1
GSM4577309_AATCACGCACCAAAGG	epi_Lumenal 2
GSM4577309_ACAGCCGCAGTCCGTG	epi_Glandular
GSM4577309_ACATGCACAAGGTTGG	Fibroblast dS
GSM4577309_ACCTGAAAGTAACGTA	Endothelial SEMA3G
GSM4577309_ACCTGTCTCGGTAAGG	epi_Lumenal 1
GSM4577309_ACGGGTCCATGGCGCT	epi_Glandular
GSM4577309_ACTGCAATCTGATTCT	epi_Lumenal 1
GSM4577309_ACTTTGTGTCGCCACA	Myeloid
GSM4577309_AGACCCGCACCTCAGG	Fibroblast dS
GSM4577309_AGAGAGCGTTACGCCG	epi_Ciliated LRG5
GSM4577309_AGATCGTTCTGAATCG	epi_Ciliated
GSM4577309_AGCCACGTCCTCTCTT	Fibroblast dS
GSM4577309_AGCCAGCCAGGTACGA	Fibroblast dS
GSM4577309_AGGAATAAGTAGTGCG	epi_Lumenal 1
GSM4577309_AGGACTTCATTGGGAG	epi_Lumenal 1
GSM4577309_AGGGAGTCACTGTGTA	Fibroblast dS
GSM4577309_AGGGCCTAGCCGAACA	epi_Ciliated LRG5
GSM4577309_AGTAACCTCTCAGAAC	epi_Lumenal 1
GSM4577309_AGTCTCCCAGTTCCAA	epi_Ciliated LRG5
GSM4577309_AGTGATCCATTGACAC	epi_Lumenal 1
GSM4577309_AGTTCCCTCCGATAAC	epi_Glandular
GSM4577309_ATAGGCTTCTAGTTCT	Lymphoid
GSM4577309_ATCAGGTAGCAACAAT	Lymphoid
GSM4577309_ATCATTCTCAACTTTC	Endothelial SEMA3G
GSM4577309_ATCTTCAGTGTATTGC	Fibroblast dS
GSM4577309_ATGACCACATGCTGCG	epi_Ciliated LRG5
GSM4577309_ATGTCTTGTTATGTGC	epi_Lumenal 1
GSM4577309_ATTACCTGTCGAAGCA	Lymphoid
GSM4577309_ATTCACTCAGTTCACA	Fibroblast dS
GSM4577309_ATTCATCGTGCTAGCC	epi_Glandular
GSM4577309_CAACAACCAATACGCT	Endothelial SEMA3G
GSM4577309_CAACCTCCAAAGGCTG	Endothelial SEMA3G
GSM4577309_CACCAAAGTACTGACT	Lymphoid
GSM4577309_CATCGCTCACCCAAGC	Myeloid
GSM4577309_CCCATTGCACTGTGTA	Myeloid
GSM4577309_CCCATTGTCCTTCTAA	Fibroblast dS
GSM4577309_CCGAACGAGTTGCCTA	epi_Ciliated LRG5
GSM4577309_CCGAACGCAGACATCT	Lymphoid
GSM4577309_CCGCAAGTCAACGCTA	Lymphoid
GSM4577309_CCGTGAGTCGGTAAGG	Endothelial SEMA3G
GSM4577309_CCTCAACCACTGAATC	epi_Lumenal 2
GSM4577309_CGACAGCTCACGATCA	Fibroblast dS
GSM4577309_CGAGTGCAGTCATACC	Endothelial ACKR1
GSM4577309_CGCGTGATCGTTCCTG	Lymphoid
GSM4577309_CGTTGGGGTTGAGAGC	epi_Lumenal 1
GSM4577309_CTAACCCTCTGGCCTT	Lymphoid
GSM4577309_CTAAGTGAGTATTAGG	Myeloid
GSM4577309_CTACAGAAGATCACCT	epi_Glandular
GSM4577309_CTACTATGTGAGATAT	epi_Lumenal 1
GSM4577309_CTAGGTAAGGAGAATG	epi_Lumenal 1
GSM4577309_CTCAACCAGAGAAGGT	epi_Lumenal 1
GSM4577309_CTCAACCCAGCGTAGA	Endothelial SEMA3G
GSM4577309_CTCCACAGTGACTCGC	epi_Glandular
GSM4577309_CTCCTCCTCAACACCA	Myeloid
GSM4577309_CTGAGGCAGCAACTCT	epi_Glandular
GSM4577309_CTGCCATCAACGTATC	epi_Lumenal 2
GSM4577309_CTGCCATTCCCTCTCC	epi_Glandular
GSM4577309_GAAGGGTGTAATGTGA	Lymphoid
GSM4577309_GACCTTCAGCTCGCAC	Myeloid
GSM4577309_GAGAAATAGGGTTTCT	epi_Glandular_secretory
GSM4577309_GATCAGTGTAACGATA	Fibroblast dS
GSM4577309_GATCGTAAGTTCCATG	Myeloid
GSM4577309_GATTCTTGTCTTTATC	Lymphoid
GSM4577309_GATTGGTGTCCGGTCA	epi_Ciliated
GSM4577309_GCAGCCAAGATCCGAG	epi_Lumenal 1
GSM4577309_GCCAACGGTATGAAGT	epi_Lumenal 1
GSM4577309_GCCAGCAGTGACAGCA	Endothelial SEMA3G
GSM4577309_GCCATTCGTCTCTCAC	Lymphoid
GSM4577309_GCGAGAAAGCACCGTC	Lymphoid
GSM4577309_GCGGAAAGTATTGAGA	Lymphoid
GSM4577309_GCGGAAATCTGACCCT	Fibroblast dS
GSM4577309_GCTGCAGCAACTACGT	Lymphoid
GSM4577309_GCTTTCGCATGCAGCC	Lymphoid
GSM4577309_GGAGAACAGACACACG	epi_Glandular
GSM4577309_GGGCGTTGTATGGAAT	PV STEAP4
GSM4577309_GGGTAGACAATAGGGC	epi_Ciliated LRG5
GSM4577309_GGGTATTGTTGAAGTA	Lymphoid
GSM4577309_GGGTGTCCATTCATCT	epi_Lumenal 1
GSM4577309_GGTGTTATCTTCGCTG	epi_Ciliated
GSM4577309_GTAACACAGATCGCCC	PV STEAP4
GSM4577309_GTAACACTCGACGAGA	Endothelial SEMA3G
GSM4577309_GTCAAACGTTATTCCT	Lymphoid
GSM4577309_GTCATCCAGCGACTAG	epi_Lumenal 2
GSM4577309_GTCATCCCATTGGCAT	epi_Glandular_secretory
GSM4577309_GTCCACTTCGCTCTAC	epi_Lumenal 1
GSM4577309_GTCGAATCACCATATG	epi_Lumenal 1
GSM4577309_GTCGTAAAGTACCATC	epi_Glandular
GSM4577309_GTGGAGACAGCGACCT	epi_Lumenal 1
GSM4577309_GTGTAACCAAATCGTC	Lymphoid
GSM4577309_GTGTCCTTCCTGGGTG	epi_Ciliated
GSM4577309_GTGTGATTCAGATTGC	Endothelial SEMA3G
GSM4577309_GTTATGGCAGCAGTGA	PV STEAP4
GSM4577309_GTTGAACCATTCGGGC	epi_Lumenal 2
GSM4577309_GTTGAACGTATACCCA	PV STEAP4
GSM4577309_GTTGTAGGTAGCGAGT	epi_Glandular
GSM4577309_GTTGTCCAGGCATGGT	Lymphoid
GSM4577309_TAAGCACCATGAGATA	epi_Lumenal 1
GSM4577309_TAAGCACGTTTCGTGA	epi_Glandular
GSM4577309_TACCCACCACACAGCC	Myeloid
GSM4577309_TACCCACGTCGTCAGC	Endothelial ACKR1
GSM4577309_TAGATCGGTTTAAGGA	epi_Lumenal 1
GSM4577309_TAGGGTTAGTAAACTG	Fibroblast dS
GSM4577309_TAGGTTGAGGTGATCG	epi_Lumenal 1
GSM4577309_TAGGTTGTCGCAATGT	Fibroblast dS
GSM4577309_TATCAGGTCCCAGGCA	Myeloid
GSM4577309_TCAAGACTCGAGCCAC	epi_Glandular
GSM4577309_TCAAGTGGTGTAGGAC	epi_Ciliated
GSM4577309_TCACGGGCACGCCACA	epi_Lumenal 1
GSM4577309_TCACTATAGCCTCAAT	epi_Glandular
GSM4577309_TCAGTCCAGATACATG	epi_Lumenal 1
GSM4577309_TCATGAGTCCAAGGGA	Fibroblast dS
GSM4577309_TCATGCCAGCTGACAG	Lymphoid
GSM4577309_TCATTACGTTCGAAGG	epi_Lumenal 1
GSM4577309_TCCCATGCAGCTATTG	epi_Ciliated LRG5
GSM4577309_TCGGGACGTTCTGAGT	Lymphoid
GSM4577309_TCTCTGGAGCGTGTCC	Lymphoid
GSM4577309_TCTTGCGTCTCCGAGG	epi_Glandular
GSM4577309_TGACAGTTCGAGCCAC	Fibroblast dS
GSM4577309_TGAGACTAGGTGGTTG	epi_Glandular
GSM4577309_TGAGACTGTCCAACGC	epi_Glandular
GSM4577309_TGATGCATCTTCTGTA	epi_Ciliated LRG5
GSM4577309_TGCTGAACAAATTGCC	Fibroblast dS
GSM4577309_TGGAGGACACTATCGA	epi_Glandular
GSM4577309_TGGTAGTGTATCGTAC	epi_Lumenal 1
GSM4577309_TGGTAGTTCCTCATAT	epi_Lumenal 1
GSM4577309_TGTCCTGAGATTGGGC	epi_Lumenal 1
GSM4577309_TTAATCCAGGCGCTTC	Fibroblast dS
GSM4577309_TTCACGCTCGCGTCGA	epi_Lumenal 1
GSM4577309_TTCCACGCAGCGAACA	epi_Ciliated LRG5
GSM4577309_TTCGATTCAGCGTGAA	Endothelial ACKR1
GSM4577309_TTCTCTCTCATGCCCT	epi_Lumenal 1
GSM4577309_TTTAGTCGTAATTAGG	epi_Glandular
GSM4577309_TTTCCTCGTGTTGACT	Lymphoid
GSM4577309_TTTGGAGTCCGGCAGT	epi_Glandular
GSM4577310_AAAGAACCAACGAGGT	Endothelial SEMA3G
GSM4577310_AAAGGGCTCTGGTGCG	epi_Lumenal 1
GSM4577310_AACTTCTTCTCACTCG	epi_Lumenal 2
GSM4577310_AAGTTCGTCACCTTAT	epi_Lumenal 2
GSM4577310_AATAGAGCATGCAGCC	epi_Glandular
GSM4577310_AATGAAGAGGTTAAAC	epi_Lumenal 2
GSM4577310_ACACGCGTCCAGGACC	epi_Glandular
GSM4577310_ACAGGGACATACAGAA	epi_Glandular
GSM4577310_ACCATTTTCTGTGCGG	epi_Ciliated
GSM4577310_ACCCTCAGTCTCACAA	Fibroblast dS
GSM4577310_ACCCTTGTCTTCGGAA	epi_Ciliated
GSM4577310_ACCGTTCTCCGAGGCT	epi_Glandular
GSM4577310_ACCTACCGTGTGCTTA	epi_Lumenal 1
GSM4577310_ACGCACGTCCTGGGAC	epi_Lumenal 2
GSM4577310_ACGTCCTAGATCGCTT	epi_Ciliated LRG5
GSM4577310_ACTGTGAGTCGAGCAA	epi_Glandular
GSM4577310_AGAACAAGTCGATTTG	epi_Glandular
GSM4577310_AGACAAAAGCGGCTCT	epi_Ciliated LRG5
GSM4577310_AGACACTTCGCAGTGC	epi_Lumenal 1
GSM4577310_AGACAGGAGCATGCGA	epi_Ciliated LRG5
GSM4577310_AGACAGGCACTTCAGA	epi_Glandular
GSM4577310_AGCGCTGAGTATTGCC	Fibroblast dS
GSM4577310_AGCTACATCTCATAGG	epi_Lumenal 2
GSM4577310_AGGGCCTAGTCCTACA	Fibroblast dS
GSM4577310_AGGGTTTTCCATAGAC	epi_Ciliated LRG5
GSM4577310_AGGTCTAGTCTAACGT	epi_Lumenal 1
GSM4577310_AGGTTACTCCATCTGC	epi_Lumenal 1
GSM4577310_AGTAGCTGTAACTTCG	epi_Lumenal 2
GSM4577310_AGTAGTCAGGTGGCTA	epi_Lumenal 2
GSM4577310_AGTAGTCCAGTCGTTA	epi_Glandular
GSM4577310_ATACTTCCAAACACGG	epi_Ciliated
GSM4577310_ATCCATTAGTGTCATC	epi_Glandular
GSM4577310_ATTACCTCAGACCCGT	epi_Ciliated LRG5
GSM4577310_ATTACCTTCAAACGTC	epi_Lumenal 2
GSM4577310_ATTCACTGTGGCCACT	epi_Ciliated LRG5
GSM4577310_ATTCATCGTCACTAGT	epi_Ciliated
GSM4577310_ATTTCACGTTTACCTT	epi_Lumenal 2
GSM4577310_CAATACGAGTTGTCAC	Myeloid
GSM4577310_CACAACAAGGTGATAT	epi_Glandular_secretory
GSM4577310_CACCAAAGTCATGACT	epi_Lumenal 1
GSM4577310_CACCAAATCGTGCACG	epi_Ciliated
GSM4577310_CACGTGGTCTGGACTA	epi_Lumenal 2
GSM4577310_CAGGGCTCAGCAGACA	epi_Ciliated LRG5
GSM4577310_CAGGTATAGGCAGCTA	Lymphoid
GSM4577310_CAGTGCGTCCGATGTA	epi_Lumenal 2
GSM4577310_CATCCACTCCCGTTGT	epi_Lumenal 1
GSM4577310_CATCCGTAGCAGGCAT	epi_Glandular
GSM4577310_CATCCGTCACCCGTAG	epi_Ciliated
GSM4577310_CATCGTCAGTCAGCCC	epi_Lumenal 1
GSM4577310_CATTCCGCAGAACTTC	epi_Lumenal 1
GSM4577310_CCACCATAGCCTCAGC	epi_Lumenal 1
GSM4577310_CCACCATAGTTAGTAG	Myeloid
GSM4577310_CCACGAGGTTACCCTC	Fibroblast dS
GSM4577310_CCACTTGCAGGCTTGC	Fibroblast dS
GSM4577310_CCGTAGGGTTAGGAGC	Fibroblast dS
GSM4577310_CGAGGCTGTCTAGTGT	epi_Ciliated LRG5
GSM4577310_CGAGTGCCATTGACAC	epi_Ciliated LRG5
GSM4577310_CGAGTTACACACGTGC	epi_Ciliated LRG5
GSM4577310_CGCCAGAGTAAGATCA	epi_Lumenal 1
GSM4577310_CGCCATTCAATTTCTC	epi_Glandular
GSM4577310_CGGAACCTCAGTGGGA	epi_Ciliated
GSM4577310_CGGTCAGGTAGGCTCC	epi_Lumenal 1
GSM4577310_CGTAATGAGGCACCAA	epi_Glandular
GSM4577310_CGTAATGGTACTGAGG	epi_Lumenal 2
GSM4577310_CTAACCCCATATCTCT	Lymphoid
GSM4577310_CTAAGTGTCCGTGGCA	epi_Lumenal 2
GSM4577310_CTAAGTGTCTTCTAAC	epi_Lumenal 1
GSM4577310_CTACTATCAACATACC	epi_Glandular_secretory
GSM4577310_CTAGGTAAGAGGACTC	epi_Glandular
GSM4577310_CTCAATTGTGCATTAC	Myeloid
GSM4577310_CTGATCCAGTACCCTA	Lymphoid
GSM4577310_CTGGACGAGAAAGCGA	Fibroblast dS
GSM4577310_CTGTAGACACAAATAG	epi_Ciliated
GSM4577310_CTGTCGTCAGTGGCTC	epi_Glandular
GSM4577310_CTTCAATTCCGCAGTG	epi_Ciliated LRG5
GSM4577310_CTTCGGTGTTAGGAGC	epi_SOX9_prolif
GSM4577310_GAAGAATCACTAGGCC	Fibroblast dS
GSM4577310_GAAGCCCTCATCTATC	epi_Ciliated
GSM4577310_GAATCGTGTGACATCT	epi_Lumenal 1
GSM4577310_GACCAATTCGGCTTGG	epi_Lumenal 1
GSM4577310_GACCAATTCTAACGCA	epi_Lumenal 1
GSM4577310_GACCCTTTCTACCACC	Fibroblast dS
GSM4577310_GACTATGAGCACTAAA	epi_Ciliated
GSM4577310_GACTCAATCAAAGACA	epi_Glandular_secretory
GSM4577310_GAGGGTAGTCTTTCTA	epi_Glandular
GSM4577310_GATCATGTCTCGACGG	epi_Glandular
GSM4577310_GATGACTTCAAGTCTG	Fibroblast dS
GSM4577310_GCACATAGTGAGGAAA	epi_Ciliated LRG5
GSM4577310_GCAGCCACAAGTATCC	epi_Glandular
GSM4577310_GCAGGCTTCACCCATC	epi_Lumenal 2
GSM4577310_GCAGTTATCTCCTGTG	epi_Ciliated LRG5
GSM4577310_GCCAACGCACAGTGTT	epi_Glandular
GSM4577310_GCCATTCTCAACCTTT	epi_Ciliated LRG5
GSM4577310_GCGATCGGTAACATCC	epi_Lumenal 1
GSM4577310_GCGTGCACAGCGACAA	epi_Glandular
GSM4577310_GCTACCTCACTCAGAT	Fibroblast dS
GSM4577310_GCTTGGGGTCTTCATT	epi_Lumenal 1
GSM4577310_GGGAAGTAGTACTGTC	epi_Lumenal 1
GSM4577310_GGGAGATCACACGTGC	epi_Ciliated LRG5
GSM4577310_GGGATCCTCATTGCCC	epi_Glandular
GSM4577310_GGGTATTAGTAGAATC	epi_Ciliated LRG5
GSM4577310_GGTAACTAGTGCAACG	epi_Ciliated
GSM4577310_GGTGTCGGTGGGACAT	Myeloid
GSM4577310_GTCAAGTAGAACTTCC	epi_Glandular
GSM4577310_GTCAGCGAGCATAGGC	epi_Ciliated
GSM4577310_GTCATTTAGGAGTCTG	epi_Ciliated
GSM4577310_GTCCTCAGTCCGATCG	epi_Ciliated
GSM4577310_GTCGTAACACTAAACC	epi_Ciliated LRG5
GSM4577310_GTGACGCCAAGATGGC	epi_Glandular_secretory
GSM4577310_GTGAGCCCACGACGAA	epi_Ciliated LRG5
GSM4577310_GTGAGTTCACAGTCCG	Endothelial ACKR1
GSM4577310_GTGGAAGTCACCCATC	epi_SOX9_LGR5
GSM4577310_GTGTCCTGTTGCGTAT	epi_Lumenal 1
GSM4577310_GTTCTATTCCAGTACA	epi_Lumenal 1
GSM4577310_GTTGCTCAGGTTCATC	Endothelial SEMA3G
GSM4577310_TAAGTCGAGCAACAGC	epi_Lumenal 1
GSM4577310_TAAGTCGGTTGCTAGT	Myeloid
GSM4577310_TACAACGGTTGGATCT	Myeloid
GSM4577310_TACACCCGTCAAGCGA	Fibroblast dS
GSM4577310_TACATTCGTTTGGCTA	Fibroblast dS
GSM4577310_TACTTCAAGTGGACGT	epi_Lumenal 1
GSM4577310_TCACAAGCAAGAGCTG	epi_Ciliated LRG5
GSM4577310_TCAGCCTAGAAGCGAA	epi_Lumenal 1
GSM4577310_TCAGGTACACAAGGTG	epi_Ciliated LRG5
GSM4577310_TCATACTAGTACCATC	Endothelial ACKR1
GSM4577310_TCATCATGTATCCTTT	epi_Ciliated LRG5
GSM4577310_TCATTACGTCCGTTTC	epi_Lumenal 2
GSM4577310_TCATTTGAGGACGCAT	epi_Lumenal 2
GSM4577310_TCCCAGTGTCTGCAAT	Fibroblast dS
GSM4577310_TCGAAGTAGCTGCGAA	epi_Lumenal 2
GSM4577310_TCGAAGTAGTTGAATG	epi_Ciliated LRG5
GSM4577310_TCGAAGTCAGTCTGGC	epi_Glandular_secretory
GSM4577310_TCGACCTAGAGTCAGC	epi_Lumenal 1
GSM4577310_TCGATTTTCGAGAAAT	epi_Ciliated
GSM4577310_TCGCTCAAGCATGCGA	Fibroblast dS
GSM4577310_TCGGATATCTCTCCGA	epi_Ciliated LRG5
GSM4577310_TCGGGTGAGCCATCCG	epi_Lumenal 2
GSM4577310_TCGTCCAGTTAGTCGT	Myeloid
GSM4577310_TCTATCAAGACGCATG	epi_Ciliated LRG5
GSM4577310_TCTTCCTCACGACAAG	Fibroblast eS
GSM4577310_TCTTTGACAGATTAAG	epi_Lumenal 1
GSM4577310_TGAATCGCAGGTCCCA	Fibroblast dS
GSM4577310_TGAGGAGGTATACGGG	PV STEAP4
GSM4577310_TGATCAGCAGGGAGAG	epi_Glandular
GSM4577310_TGCACGGCAACAGCTT	epi_Lumenal 1
GSM4577310_TGGGCGTTCGACATCA	Lymphoid
GSM4577310_TGTCCCATCTGGCCTT	epi_Lumenal 1
GSM4577310_TGTGATGTCAAACCTG	Fibroblast dS
GSM4577310_TGTTCATCAGCGTAGA	epi_Lumenal 1
GSM4577310_TGTTCCGGTTCGTACA	epi_Lumenal 2
GSM4577310_TGTTCTAAGTTCCGGC	epi_Lumenal 1
GSM4577310_TTAATCCGTTAAGTCC	epi_Lumenal 1
GSM4577310_TTAGGGTTCGTCCTCA	epi_Ciliated LRG5
GSM4577310_TTCCGGTGTGGTCTAT	epi_Lumenal 2
GSM4577310_TTCTGTAAGCGCTTCG	PV STEAP4
GSM4577310_TTCTTGAAGGCCTTGC	epi_Lumenal 2
GSM4577310_TTGGGTAAGCCTTGAT	epi_Lumenal 1
GSM4577310_TTTCACACAGGCATTT	epi_Lumenal 2
GSM4577310_TTTCACATCCCTTTGG	epi_Ciliated LRG5
GSM4577311_AAACCCAAGAGCTGCA	epi_Ciliated LRG5
GSM4577311_AAACCCACACTGATTG	epi_Lumenal 1
GSM4577311_AAGTACCGTAGGCTCC	epi_Glandular
GSM4577311_AATGAAGTCTTGTGCC	epi_Lumenal 1
GSM4577311_AATGACCCAAGTAGTA	epi_Ciliated LRG5
GSM4577311_AATTCCTGTATGTCTG	epi_Lumenal 1
GSM4577311_ACAAAGAAGACTTAAG	epi_Ciliated LRG5
GSM4577311_ACAGAAAGTAGACACG	epi_Lumenal 2
GSM4577311_ACAGCCGTCGAGTCTA	epi_Lumenal 1
GSM4577311_ACAGGGAAGGACTGGT	epi_Ciliated LRG5
GSM4577311_ACCGTTCCATTCCTCG	epi_Lumenal 1
GSM4577311_ACGCACGGTTCACGAT	epi_Lumenal 2
GSM4577311_ACGGTTAAGCGCTGCT	epi_Ciliated
GSM4577311_ACTGATGTCTGGTGGC	epi_Lumenal 1
GSM4577311_AGAAGCGAGCGACATG	epi_Ciliated LRG5
GSM4577311_AGACAAACAAGCGATG	epi_Lumenal 1
GSM4577311_AGACCCGGTTGACTGT	epi_Ciliated LRG5
GSM4577311_AGGCATTAGACGATAT	epi_Lumenal 2
GSM4577311_AGGGAGTTCAAACGAA	epi_Lumenal 2
GSM4577311_AGGTCATAGACTACGG	epi_Glandular
GSM4577311_AGGTCTAGTTCGGACC	epi_Ciliated LRG5
GSM4577311_AGTCAACAGGTACCTT	epi_Ciliated LRG5
GSM4577311_AGTCACAGTGCTGATT	epi_Lumenal 2
GSM4577311_AGTGATCAGTACAGCG	epi_Lumenal 2
GSM4577311_AGTTAGCAGTCCTACA	epi_Lumenal 2
GSM4577311_ATAGGCTAGATTACCC	epi_SOX9_LGR5
GSM4577311_ATAGGCTCATACCAGT	epi_Ciliated LRG5
GSM4577311_ATCGGATGTGGAACCA	epi_Lumenal 1
GSM4577311_ATCGGATTCATCACTT	epi_Ciliated LRG5
GSM4577311_ATGAGTCAGTGTAGTA	epi_Glandular
GSM4577311_ATGTCTTGTCATATGC	epi_Lumenal 1
GSM4577311_ATTACCTTCCTAGCCT	epi_Lumenal 1
GSM4577311_ATTCCCGCAATCAAGA	epi_Glandular
GSM4577311_ATTCTTGTCACCACAA	epi_Ciliated LRG5
GSM4577311_ATTGGGTAGTCATACC	epi_Lumenal 2
GSM4577311_CAACCAAGTGTGCTTA	epi_Lumenal 2
GSM4577311_CAACCTCGTTGGGAAC	epi_SOX9_LGR5
GSM4577311_CACACAACAATCAGCT	epi_Lumenal 2
GSM4577311_CAGAGCCGTCTACGTA	epi_Ciliated
GSM4577311_CAGATACGTATGCAAA	epi_Lumenal 2
GSM4577311_CAGATACTCCCGTAAA	epi_Ciliated
GSM4577311_CATGAGTAGGTCCCGT	epi_Ciliated LRG5
GSM4577311_CATGAGTGTAGCACGA	epi_Lumenal 2
GSM4577311_CATTGTTAGCTGGTGA	epi_Lumenal 2
GSM4577311_CATTGTTCATCTCCCA	epi_Lumenal 2
GSM4577311_CCATAAGAGAAAGCGA	epi_Lumenal 2
GSM4577311_CCCGAAGAGAGCCGTA	epi_Ciliated
GSM4577311_CCTCTAGCACCAGTAT	epi_Lumenal 1
GSM4577311_CCTGCATGTCTCTCCA	epi_Glandular_secretory
GSM4577311_CCTTCAGTCGAGAAGC	epi_Lumenal 2
GSM4577311_CCTTGTGTCTATACTC	epi_Ciliated
GSM4577311_CGAAGGATCTCTTGCG	epi_Ciliated LRG5
GSM4577311_CGAGGAACATTGACAC	epi_Lumenal 1
GSM4577311_CGATGCGGTCTTTATC	epi_Lumenal 1
GSM4577311_CGGAGAAAGGGTACAC	epi_Lumenal 2
GSM4577311_CGGAGAACAGAGTCAG	epi_Lumenal 2
GSM4577311_CGTAAGTAGACGAAGA	epi_Ciliated
GSM4577311_CGTGTCTGTGAGATAT	epi_Lumenal 2
GSM4577311_CGTTAGACAAGACGAC	epi_Ciliated
GSM4577311_CTACATTTCATTCATC	epi_Ciliated LRG5
GSM4577311_CTACTATAGGCATCTT	epi_Ciliated LRG5
GSM4577311_CTCAATTAGATGAACT	epi_Lumenal 2
GSM4577311_CTCACTGTCTCGTGAA	epi_Lumenal 2
GSM4577311_CTCAGAAGTGAATAAC	epi_Lumenal 2
GSM4577311_CTCATTACAGGAAGTC	epi_Lumenal 2
GSM4577311_CTCCTTTAGTACCATC	epi_Lumenal 2
GSM4577311_CTCCTTTTCCGACAGC	epi_Glandular
GSM4577311_CTGGTCTTCCACGAAT	epi_Glandular
GSM4577311_CTTAGGACACTTCAGA	epi_Ciliated
GSM4577311_CTTCTCTGTAACCAGG	epi_Lumenal 1
GSM4577311_CTTCTCTTCTGGGCGT	epi_Lumenal 1
GSM4577311_GAACACTAGTGTACCT	epi_Ciliated LRG5
GSM4577311_GAACTGTCATGGCGCT	epi_Lumenal 1
GSM4577311_GAAGCCCAGTAGGTTA	epi_Lumenal 2
GSM4577311_GAAGCGACAGCAGTTT	epi_Lumenal 2
GSM4577311_GAATCGTAGCAGCGAT	epi_Lumenal 1
GSM4577311_GACAGCCGTCTCCTGT	epi_Lumenal 1
GSM4577311_GACCCAGTCAAGTGGG	epi_Lumenal 1
GSM4577311_GACGCTGAGGTGATCG	epi_Ciliated LRG5
GSM4577311_GACGCTGCAATGGGTG	epi_Ciliated LRG5
GSM4577311_GACGTTAAGGATAATC	epi_Lumenal 2
GSM4577311_GAGATGGAGGTCACCC	epi_Lumenal 2
GSM4577311_GAGTTACCAGCCCACA	epi_Ciliated LRG5
GSM4577311_GAGTTGTGTCTTCTAT	epi_Lumenal 1
GSM4577311_GATGACTAGCACTCCG	epi_Ciliated LRG5
GSM4577311_GATGTTGGTGACTATC	epi_Ciliated
GSM4577311_GCACGGTCATTGAGGG	epi_Lumenal 2
GSM4577311_GCATCGGAGATACAGT	epi_Lumenal 2
GSM4577311_GCATTAGCAAATGATG	epi_Lumenal 2
GSM4577311_GCGTGCATCATTACGG	epi_Lumenal 2
GSM4577311_GCTACAAAGTTTCTTC	epi_Lumenal 2
GSM4577311_GCTGCAGTCCTGGCTT	epi_Ciliated LRG5
GSM4577311_GCTTCACCACTGGACC	epi_Ciliated LRG5
GSM4577311_GGAATCTCACCTCTAC	epi_Lumenal 1
GSM4577311_GGAATCTCATCCGTGG	epi_Glandular
GSM4577311_GGCTGTGGTTGTCCCT	epi_Ciliated
GSM4577311_GGCTTTCCACTGAGGA	epi_Ciliated LRG5
GSM4577311_GGGCTACCAGTTAGAA	epi_Ciliated LRG5
GSM4577311_GGGTGTCAGCGAACTG	epi_Ciliated LRG5
GSM4577311_GGGTGTCGTAGAGGAA	epi_Lumenal 1
GSM4577311_GGTAATCCACAAATGA	epi_Ciliated
GSM4577311_GTAGAAACATCGCTAA	epi_Lumenal 2
GSM4577311_GTAGAGGGTGTGTACT	epi_Lumenal 2
GSM4577311_GTAGCTAAGAAGCTGC	epi_Lumenal 2
GSM4577311_GTAGGAGCAGAGTGTG	epi_Lumenal 2
GSM4577311_GTCACTCAGATGACCG	epi_Lumenal 2
GSM4577311_GTCCTCATCAATGTCG	epi_Lumenal 2
GSM4577311_GTCCTCATCTTGGTCC	epi_Lumenal 2
GSM4577311_GTCGTTCTCTCTTCAA	epi_Lumenal 2
GSM4577311_GTCTACCGTTGTTGTG	epi_Lumenal 1
GSM4577311_GTGGTTACACGAAGAC	epi_Lumenal 2
GSM4577311_GTGTGATGTGGCTACC	epi_Lumenal 1
GSM4577311_GTTAGTGAGCCGCTTG	epi_Glandular
GSM4577311_GTTATGGCAGTTGTCA	epi_Lumenal 2
GSM4577311_GTTCATTTCTGTTCAT	epi_Lumenal 2
GSM4577311_GTTGTCCTCTTTACAC	epi_Lumenal 2
GSM4577311_TACATTCAGTGGACTG	epi_Lumenal 2
GSM4577311_TAGACTGCATCCTCAC	epi_Lumenal 2
GSM4577311_TAGACTGTCAGAGTGG	epi_Glandular
GSM4577311_TATCGCCAGTGCGACA	epi_Lumenal 2
GSM4577311_TCAGGTAGTCAGATTC	epi_Lumenal 1
GSM4577311_TCATCATTCGGCAGTC	epi_Lumenal 1
GSM4577311_TCGCTCAAGTAAATGC	epi_Lumenal 1
GSM4577311_TCGGATATCGTCACCT	epi_Lumenal 1
GSM4577311_TCTACATAGCGATGGT	epi_Lumenal 2
GSM4577311_TCTACCGCAATGCAGG	epi_Lumenal 1
GSM4577311_TCTCAGCCAGAGGCTA	epi_Lumenal 1
GSM4577311_TCTCAGCGTGGACAGT	epi_Lumenal 2
GSM4577311_TCTCAGCTCCATTTGT	epi_Lumenal 2
GSM4577311_TGAGCATAGGGAGGTG	epi_Lumenal 2
GSM4577311_TGAGGAGTCCACTGGG	epi_Ciliated LRG5
GSM4577311_TGAGTCAAGCACTTTG	epi_Lumenal 1
GSM4577311_TGATTCTAGATGCTAA	epi_SOX9_LGR5
GSM4577311_TGGGCTGGTACTGACT	epi_Glandular
GSM4577311_TGGTAGTAGTGATCGG	epi_Ciliated
GSM4577311_TGTCAGAGTAAGCAAT	epi_Lumenal 2
GSM4577311_TGTTCATTCGATTTCT	epi_Lumenal 2
GSM4577311_TTACCATTCTGAGTCA	epi_Lumenal 1
GSM4577311_TTATTGCGTGAATGTA	epi_Glandular
GSM4577311_TTCAGGAGTCTCCTGT	epi_Lumenal 2
GSM4577311_TTCCAATCAGGGTTGA	epi_Lumenal 2
GSM4577311_TTCCAATTCCGAGCTG	epi_Lumenal 2
GSM4577311_TTCCGGTGTGGAGGTT	epi_Glandular
GSM4577311_TTCCTAAAGTTGGAGC	epi_Lumenal 2
GSM4577311_TTCCTCTGTTCTAACG	epi_Ciliated LRG5
GSM4577311_TTGCCTGGTGTATTGC	epi_Lumenal 1
GSM4577311_TTGGGTACACTACCGG	epi_Lumenal 2
GSM4577311_TTGTTGTTCTGGTTGA	epi_Lumenal 1
GSM4577311_TTTACCAAGGTACTGG	epi_Lumenal 2
GSM4577311_TTTCGATTCAATCGGT	epi_Ciliated LRG5
GSM4577311_TTTGTTGTCCCGTAAA	epi_Lumenal 1
GSM4577312_AAAGAACTCAACGTGT	epi_Glandular_secretory
GSM4577312_AACGGGAAGGTTGGTG	epi_Glandular_secretory
GSM4577312_AACTTCTAGGAACTCG	epi_Glandular_secretory
GSM4577312_AAGCGAGGTGAGTCAG	epi_Glandular_secretory
GSM4577312_AAGTGAAGTGGTTCTA	Myeloid
GSM4577312_AATGGAATCGGCCAAC	Endothelial SEMA3G
GSM4577312_ACCAACACAACAAGTA	epi_Glandular_secretory
GSM4577312_ACCAACATCTGCTTAT	Fibroblast dS
GSM4577312_ACGGTTATCGCACGAC	Lymphoid
GSM4577312_ACTCTCGAGGTACAAT	epi_Glandular_secretory
GSM4577312_ACTTATCAGAACAGGA	Lymphoid
GSM4577312_ACTTTCAAGATCCGAG	Fibroblast dS
GSM4577312_AGAGAATCAGAACTTC	Myeloid
GSM4577312_AGCTTCCCACGCCACA	epi_Ciliated
GSM4577312_AGGACTTGTAGACAAT	epi_Glandular_secretory
GSM4577312_AGGTTGTAGGAAGTAG	epi_Glandular_secretory
GSM4577312_AGTAACCTCGTTCGCT	epi_Glandular_secretory
GSM4577312_AGTAGCTGTTCGAACT	epi_Ciliated
GSM4577312_ATCGGCGCACGGATCC	Fibroblast dS
GSM4577312_ATCGTGACATAGGTAA	PV STEAP4
GSM4577312_ATGAGTCTCCTACTGC	epi_Ciliated
GSM4577312_ATGATCGTCACACCCT	epi_Ciliated
GSM4577312_ATGTCTTGTTTCGTAG	epi_Glandular_secretory
GSM4577312_CAACCTCGTATACCCA	epi_SOX9_LGR5
GSM4577312_CAAGAGGCAGACGGAT	Lymphoid
GSM4577312_CACAACAAGCGCTGCT	Myeloid
GSM4577312_CACACAAAGCTCACTA	epi_Glandular_secretory
GSM4577312_CACAGATCACTGATTG	epi_Glandular_secretory
GSM4577312_CACAGGCTCAGACTGT	epi_Ciliated
GSM4577312_CACCGTTCATAATGAG	epi_Ciliated
GSM4577312_CACTTCGAGGGCCAAT	epi_Glandular_secretory
GSM4577312_CAGAGCCGTTAATCGC	epi_Glandular_secretory
GSM4577312_CATCAAGGTACAAACA	epi_Glandular_secretory
GSM4577312_CATCGTCCACACACTA	epi_Glandular_secretory
GSM4577312_CATGAGTCACCAGGTC	epi_Glandular_secretory
GSM4577312_CCAAGCGTCCGTTGAA	epi_Ciliated
GSM4577312_CCACACTCATACAGAA	PV STEAP4
GSM4577312_CCCAACTTCAAGCGTT	Fibroblast dS
GSM4577312_CCGGTAGCATGGCTAT	Lymphoid
GSM4577312_CCGTAGGGTGTGATGG	Myeloid
GSM4577312_CCTCATGTCAACCTCC	Myeloid
GSM4577312_CCTGCATGTCGAGCAA	PV STEAP4
GSM4577312_CGAGAAGTCCGATCTC	PV STEAP4
GSM4577312_CGAGGAATCTCATTAC	epi_Glandular_secretory
GSM4577312_CGGGTGTCATCCGCGA	Fibroblast dS
GSM4577312_CGTGTCTGTCTTCCGT	Fibroblast dS
GSM4577312_CTAACTTAGTGCCGAA	epi_Ciliated
GSM4577312_CTAGGTACACGTCGGT	epi_Glandular_secretory
GSM4577312_CTAGGTACAGAGATGC	epi_Glandular_secretory
GSM4577312_CTCAAGAAGAAACTGT	epi_Ciliated
GSM4577312_CTCAGAAAGCCTCATA	Endothelial SEMA3G
GSM4577312_CTCCACACATCCGATA	Fibroblast C7
GSM4577312_CTGAATGTCCTATTTG	epi_Glandular_secretory
GSM4577312_CTGCCATCACTTGACA	epi_Glandular_secretory
GSM4577312_CTGCTCAAGGCCATAG	epi_Glandular_secretory
GSM4577312_CTTCTAACAGAGTGAC	epi_Ciliated
GSM4577312_GAATAGACATACCACA	epi_Ciliated
GSM4577312_GAATCGTCATCGCTCT	epi_Ciliated LRG5
GSM4577312_GACTCTCAGGGATCTG	epi_Glandular_secretory
GSM4577312_GACTCTCTCTATCGTT	epi_Ciliated
GSM4577312_GAGTCTATCTTGATTC	epi_Glandular_secretory
GSM4577312_GATCAGTTCGCATTGA	Lymphoid
GSM4577312_GATGTTGAGCCGTCGT	epi_Glandular_secretory
GSM4577312_GGATGTTAGAGGGCGA	epi_Glandular_secretory
GSM4577312_GGATGTTAGGAACGCT	Endothelial ACKR1
GSM4577312_GGGAAGTCACACCAGC	Lymphoid
GSM4577312_GGGACAACAAGAAATC	epi_Ciliated
GSM4577312_GGGCCATCAAGGTCAG	epi_Glandular_secretory
GSM4577312_GGGTAGAGTTCTCTCG	Lymphoid
GSM4577312_GGTTCTCCAGTGCCTG	epi_Ciliated LRG5
GSM4577312_GTACAACCATCCTCAC	epi_Ciliated
GSM4577312_GTAGAGGTCGGCACTG	epi_Glandular_secretory
GSM4577312_GTATTGGAGGACAGTC	epi_Glandular_secretory
GSM4577312_GTATTTCAGGTTCCGC	PV STEAP4
GSM4577312_GTCCTCAGTATGGAGC	epi_Ciliated
GSM4577312_GTCTGTCCATAAGCAA	epi_Glandular_secretory
GSM4577312_TAATCTCCAGTAGATA	epi_Ciliated
GSM4577312_TACAACGCACATTCTT	Endothelial SEMA3G
GSM4577312_TACCCACCAGTATTCG	epi_Glandular_secretory
GSM4577312_TAGATCGGTAGATTAG	epi_Glandular
GSM4577312_TATATCCTCACGGAGA	epi_Ciliated LRG5
GSM4577312_TATCGCCGTTGGTACT	epi_Glandular_secretory
GSM4577312_TCACGCTGTCTAACTG	epi_Glandular_secretory
GSM4577312_TCCATGCCACGCGCAT	epi_Ciliated
GSM4577312_TCGACGGCATTCCTCG	epi_Ciliated
GSM4577312_TGATTCTGTAACCCTA	epi_Glandular_secretory
GSM4577312_TGATTTCTCCTTGACC	epi_Ciliated
GSM4577312_TGTAACGTCTCCCATG	Endothelial ACKR1
GSM4577312_TGTCCTGTCATCAGTG	Lymphoid
GSM4577312_TGTTTGTGTGAAAGTT	Fibroblast dS
GSM4577312_TTACCGCCATGGAGAC	Fibroblast dS
GSM4577312_TTACGCCAGGTTGGAC	Myeloid
GSM4577312_TTACGCCAGTAAGAGG	Endothelial ACKR1
GSM4577312_TTAGGGTAGCGCCTAC	epi_Glandular_secretory
GSM4577312_TTATTGCTCTAATTCC	Endothelial SEMA3G
GSM4577312_TTCCGGTTCCGTGTGG	PV STEAP4
GSM4577312_TTCCGTGAGCTGAGTG	Endothelial SEMA3G
GSM4577312_TTCCGTGCATCGCTAA	epi_Glandular_secretory
GSM4577312_TTCCTCTGTAAGCTCT	epi_Glandular_secretory
GSM4577312_TTCGATTCAAGAGTTA	epi_Glandular_secretory
GSM4577312_TTGTGGAGTTAAACAG	epi_Glandular_secretory
GSM4577312_TTGTGTTAGACGGAAA	PV STEAP4
GSM4577313_AACGTCACAAGTGTCT	Fibroblast dS
GSM4577313_AATGGCTGTATCCTTT	Lymphoid
GSM4577313_ACAAGCTGTCAAAGAT	Endothelial SEMA3G
GSM4577313_ACCCAAATCGGATTAC	Fibroblast dS
GSM4577313_ACCCTCATCCGTACGG	Endothelial ACKR1
GSM4577313_ACTGTGACAATAACCC	PV STEAP4
GSM4577313_AGTACTGCAGGCACTC	Fibroblast dS
GSM4577313_AGTAGCTAGAACTCCT	Endothelial SEMA3G
GSM4577313_ATCACTTAGTCATTGC	Fibroblast dS
GSM4577313_ATTCTACGTTGCGTAT	epi_Lumenal 2
GSM4577313_CAACAACTCCGTATGA	epi_Glandular
GSM4577313_CAGTGCGTCCTCTAGC	Fibroblast eS
GSM4577313_CCAATGACACCCTATC	Myeloid
GSM4577313_CCACTTGCAAGAGATT	Myeloid
GSM4577313_CCCATTGAGTTGTCGT	epi_Ciliated
GSM4577313_CCCTCTCCAGGAGGAG	epi_Lumenal 2
GSM4577313_CGCATGGCAAATGCTC	Endothelial SEMA3G
GSM4577313_CGCCAGATCCGAAGGA	PV STEAP4
GSM4577313_CGTTAGACATCATGAC	Endothelial SEMA3G
GSM4577313_CTACAGACAACCTAAC	Fibroblast dS
GSM4577313_CTAGACAAGGAACATT	Myeloid
GSM4577313_CTCAGTCAGCTGAAAT	Lymphoid
GSM4577313_CTCCCTCGTGTTCCTC	PV STEAP4
GSM4577313_CTGCTCACATGTGTCA	Endothelial SEMA3G
GSM4577313_CTGTAGACAGTTAAAG	Endothelial SEMA3G
GSM4577313_CTGTAGAGTCTTGTCC	Myeloid
GSM4577313_GAACACTCAGGTGTTT	Fibroblast eS
GSM4577313_GAACGTTAGTCATGCT	Endothelial SEMA3G
GSM4577313_GACAGCCTCCTGCTAC	Endothelial SEMA3G
GSM4577313_GACATCAGTGAATTAG	Myeloid
GSM4577313_GATGGAGGTAGTCTTG	Myeloid
GSM4577313_GATTGGTTCATCACAG	Lymphoid
GSM4577313_GATTTCTGTCTTGCTC	Lymphoid
GSM4577313_GCAACCGTCGCCTATC	Lymphoid
GSM4577313_GCATCTCGTATCGAGG	Fibroblast eS
GSM4577313_GCTACCTCATGGGCAA	PV STEAP4
GSM4577313_GGCACGTTCTATGCCC	Fibroblast dS
GSM4577313_GGGAGTAGTAATGATG	Lymphoid
GSM4577313_GTACAGTTCGGTCACG	epi_Lumenal 2
GSM4577313_GTGGCGTAGGAACTAT	Endothelial ACKR1
GSM4577313_GTGGGAATCATTACGG	Myeloid
GSM4577313_GTTTACTAGCTAAATG	Endothelial SEMA3G
GSM4577313_TACCGAAAGAAATTCG	Endothelial SEMA3G
GSM4577313_TACCTGCTCAACTGGT	Endothelial SEMA3G
GSM4577313_TCAGCCTCAGCTCCTT	Endothelial ACKR1
GSM4577313_TCATTACAGCTGGTGA	Endothelial SEMA3G
GSM4577313_TCCACCATCGCTAAAC	Endothelial SEMA3G
GSM4577313_TCTCTGGAGTGCAGGT	PV STEAP4
GSM4577313_TGAGCATCAAGCAATA	Fibroblast dS
GSM4577313_TGTAACGTCGTCCTCA	Endothelial SEMA3G
GSM4577313_TTAGGCATCGGTCGGT	epi_Ciliated LRG5
GSM4577313_TTCACCGCAGCTGTCG	Endothelial ACKR1
GSM4577313_TTCCACGAGGATATGT	Endothelial SEMA3G
GSM4577314_AAACCCACATCGTGGC	epi_SOX9_LGR5
GSM4577314_AACCTTTCAGTCAGTT	epi_SOX9_LGR5
GSM4577314_AACCTTTGTCTAATCG	epi_Lumenal 2
GSM4577314_AAGTACCTCTCGAACA	epi_SOX9_prolif
GSM4577314_AATCGACAGCAGCCCT	epi_SOX9
GSM4577314_AATGACCAGCGAGAAA	Fibroblast eS
GSM4577314_ACAAGCTGTATACCTG	epi_SOX9
GSM4577314_ACATCCCAGTGGAAGA	epi_Glandular
GSM4577314_ACCTGTCGTAATGCTC	epi_Glandular
GSM4577314_ACGATCAGTACTTGTG	epi_SOX9_LGR5
GSM4577314_AGAGCAGAGGACTGGT	epi_SOX9_LGR5
GSM4577314_AGCCAATGTACGTAGG	Lymphoid
GSM4577314_AGTAGCTAGGCGCTTC	Endothelial ACKR1
GSM4577314_AGTAGTCAGGCCACCT	epi_SOX9
GSM4577314_ATCCATTGTGGAACCA	epi_SOX9_LGR5
GSM4577314_ATCCCTGGTTATGTCG	epi_SOX9_LGR5
GSM4577314_ATGATCGCACGTACAT	epi_SOX9
GSM4577314_ATTCAGGGTGTGCCTG	Lymphoid
GSM4577314_ATTCTACTCCACCTCA	epi_SOX9_LGR5
GSM4577314_ATTGGGTGTGCGGTAA	epi_SOX9
GSM4577314_ATTTACCAGCATTGTC	epi_SOX9_LGR5
GSM4577314_CAATACGGTCTAGGTT	epi_Ciliated
GSM4577314_CACTAAGGTACTGCCG	PV STEAP4
GSM4577314_CATTGCCAGCTCCACG	Fibroblast dS
GSM4577314_CCAAGCGCAATACGAA	epi_SOX9_LGR5
GSM4577314_CCACGTTGTGTATACC	epi_SOX9
GSM4577314_CCACTTGCAGTCGCTG	epi_Glandular
GSM4577314_CCTATCGGTATCTCTT	epi_Ciliated
GSM4577314_CCTCAACTCTAGACAC	PV STEAP4
GSM4577314_CGAAGTTGTGAGACGT	epi_SOX9_prolif
GSM4577314_CGAGGAATCGCCAGAC	PV STEAP4
GSM4577314_CGAGTTATCGGCCCAA	epi_SOX9_LGR5
GSM4577314_CGGGCATTCGAGAGAC	epi_SOX9_LGR5
GSM4577314_CGGGTCACAGCGTGAA	epi_SOX9_LGR5
GSM4577314_CGTAGTATCTGCTTTA	epi_SOX9_LGR5
GSM4577314_CGTCAAAAGATAGGGA	epi_Lumenal 2
GSM4577314_CTACCCAAGTAGCATA	epi_SOX9_LGR5
GSM4577314_CTCATGCAGAAGGCTC	epi_SOX9_prolif
GSM4577314_CTGTGGGGTTGTATGC	epi_SOX9
GSM4577314_GAAACCTAGGTAGCCA	epi_SOX9_LGR5
GSM4577314_GAACGTTCACCCTATC	epi_SOX9_LGR5
GSM4577314_GAAGGACGTTTCCAAG	epi_SOX9
GSM4577314_GAATCACCACTACACA	epi_SOX9_LGR5
GSM4577314_GACGTTAAGCATGCAG	epi_SOX9_prolif
GSM4577314_GACGTTAGTGTCCGTG	Lymphoid
GSM4577314_GAGACTTGTGTTATCG	Fibroblast eS
GSM4577314_GAGTCATAGTCGGCAA	epi_SOX9
GSM4577314_GAGTCATCATCCCGTT	epi_SOX9_LGR5
GSM4577314_GATCGTACATTCCTCG	epi_SOX9_LGR5
GSM4577314_GATGCTACAAGGACAC	epi_Ciliated
GSM4577314_GCAACCGCAAGCTGCC	epi_Ciliated
GSM4577314_GCATCTCGTAGCCAGA	epi_SOX9_LGR5
GSM4577314_GCTGGGTCAGCCATTA	epi_Lumenal 2
GSM4577314_GGAGATGGTGCCGTAC	Lymphoid
GSM4577314_GGGTCTGGTAGGCTCC	epi_SOX9_prolif
GSM4577314_GGTCACGAGGGTGGGA	epi_SOX9_LGR5
GSM4577314_GTGCACGTCAATCAGC	epi_SOX9_LGR5
GSM4577314_GTTACCCGTCTTCAAG	epi_SOX9
GSM4577314_GTTCATTGTTAGGCTT	epi_SOX9_prolif
GSM4577314_TAACACGGTCGCGTTG	epi_SOX9_LGR5
GSM4577314_TAAGCCAAGATTCGCT	epi_SOX9
GSM4577314_TACTTCACAGTGCCTG	epi_SOX9
GSM4577314_TAGAGTCAGTTGGCTT	epi_SOX9_LGR5
GSM4577314_TAGGGTTAGAAATCCA	epi_SOX9_LGR5
GSM4577314_TAGGTTGTCAGTCACA	epi_SOX9_prolif
GSM4577314_TCATATCGTGAATGAT	epi_Ciliated
GSM4577314_TCATGAGCAGACTCTA	epi_Lumenal 2
GSM4577314_TCATGCCGTAGTGGCA	epi_SOX9
GSM4577314_TCCTCTTAGTCCTGCG	epi_SOX9_LGR5
GSM4577314_TCGGTCTCATGGGTCC	epi_SOX9
GSM4577314_TCTGTCGTCAGCTTGA	epi_SOX9_prolif
GSM4577314_TGACGCGGTGCCGTTG	epi_SOX9_LGR5
GSM4577314_TGAGCATGTGACAGGT	epi_SOX9_LGR5
GSM4577314_TGAGGTTAGTTTCGAC	Myeloid
GSM4577314_TGCGACGCAATGAGCG	epi_SOX9_LGR5
GSM4577314_TGCTCCAAGTCTGTAC	epi_Ciliated
GSM4577314_TGGCGTGTCAGTCTTT	epi_SOX9_prolif
GSM4577314_TGGGCGTTCGCAACAT	epi_SOX9
GSM4577314_TGGGTTATCGTAGCCG	epi_SOX9_prolif
GSM4577314_TGGTTAGGTATAGCTC	Fibroblast dS
GSM4577314_TTAGGCAGTTGCATAC	epi_Glandular
GSM4577314_TTCACCGCAATCAGCT	Endothelial SEMA3G
GSM4577314_TTCCACGAGGATAATC	epi_SOX9_LGR5
GSM4577314_TTGAGTGAGGCTGGAT	epi_SOX9
GSM4577314_TTGGGTATCCTTATAC	epi_SOX9
GSM4577314_TTTGGAGTCCCTGGTT	epi_Ciliated
GSM4577315_AACAAGATCACACCCT	epi_Ciliated
GSM4577315_AAGAACAGTCCGAAGA	epi_SOX9
GSM4577315_AAGCATCAGGAAAGTG	epi_SOX9_LGR5
GSM4577315_AAGCCATTCACTGTCC	epi_SOX9_prolif
GSM4577315_AATGAAGGTAGACGTG	epi_Pre-ciliated
GSM4577315_AATTCCTTCCGAGGCT	epi_SOX9_prolif
GSM4577315_ACACAGTGTCCACGCA	epi_Pre-ciliated
GSM4577315_ACATTTCCAGATACCT	epi_SOX9_LGR5
GSM4577315_ACCACAAGTACGAGCA	epi_Lumenal 1
GSM4577315_ACTATTCTCCCAGGAC	epi_SOX9_LGR5
GSM4577315_ACTGCAAAGAAGTGTT	epi_SOX9_LGR5
GSM4577315_AGAAATGTCAACCTTT	Lymphoid
GSM4577315_AGCCAGCTCTCGGGAC	epi_SOX9_LGR5
GSM4577315_AGGAATAAGAGGCTGT	epi_Pre-ciliated
GSM4577315_AGGAGGTAGTCACACT	epi_Pre-ciliated
GSM4577315_AGGGTTTTCCTCTCGA	epi_SOX9_prolif
GSM4577315_AGGTAGGCACACGCCA	epi_SOX9
GSM4577315_AGTAGCTAGGAGAATG	epi_Ciliated
GSM4577315_AGTCACAAGACTGAGC	epi_SOX9_LGR5
GSM4577315_AGTCTCCCATCCGAGC	epi_Pre-ciliated
GSM4577315_AGTGTTGCAACCAATC	epi_SOX9
GSM4577315_AGTTCCCAGAATCCCT	epi_Ciliated
GSM4577315_ATCAGGTTCGCTTACC	epi_Pre-ciliated
GSM4577315_ATCATTCTCTCATGCC	Myeloid
GSM4577315_ATCGGATTCCGATCGG	Myeloid
GSM4577315_ATGTCCCGTAACATCC	epi_SOX9_LGR5
GSM4577315_ATGTCTTTCGCACGAC	epi_SOX9_prolif
GSM4577315_ATTCATCTCACGATCA	Fibroblast dS
GSM4577315_CAACAGTAGAGAGCCT	epi_SOX9
GSM4577315_CACCGTTGTAAGACCG	Lymphoid
GSM4577315_CAGATCAAGAGCCGTA	Fibroblast eS
GSM4577315_CAGATTGCACCAATTG	epi_SOX9_prolif
GSM4577315_CATACTTCACGCGGTT	epi_Pre-ciliated
GSM4577315_CATCGGGTCGTGACTA	epi_Pre-ciliated
GSM4577315_CATTCCGAGGGCAGAG	Fibroblast eS
GSM4577315_CCCAACTTCTGGGCGT	epi_SOX9_prolif
GSM4577315_CCCTTAGCACGTCATA	epi_Pre-ciliated
GSM4577315_CCGGTGACATCGGAAG	epi_Pre-ciliated
GSM4577315_CGAGGCTAGGCGAAGG	epi_SOX9
GSM4577315_CGGGTGTAGGTCTACT	epi_SOX9
GSM4577315_CGTAGTATCTTCACGC	epi_Ciliated
GSM4577315_CTACATTCACTCTCGT	epi_SOX9
GSM4577315_CTCATGCAGTACTGTC	epi_Pre-ciliated
GSM4577315_CTCCCTCAGGAGGTTC	epi_SOX9_LGR5
GSM4577315_CTCCCTCCAGTTAGAA	epi_Pre-ciliated
GSM4577315_CTCCGATGTACAATAG	Fibroblast eS
GSM4577315_CTCCTCCGTCCGCAGT	epi_SOX9
GSM4577315_CTCCTTTAGGCTCCCA	epi_SOX9
GSM4577315_CTGTGAACAATAGGAT	epi_SOX9_prolif
GSM4577315_CTTCTCTCACGGTAGA	epi_SOX9
GSM4577315_GAAGAATAGCCTCATA	epi_SOX9_prolif
GSM4577315_GAAGGACTCATGCCAA	epi_SOX9_prolif
GSM4577315_GAGAGGTGTTGGCTAT	epi_Ciliated
GSM4577315_GATGCTAGTCTAACTG	epi_SOX9_prolif
GSM4577315_GCAACCGGTGGCGTAA	epi_Pre-ciliated
GSM4577315_GCACTAAGTCGAGCTC	epi_Pre-ciliated
GSM4577315_GCCATTCAGAAACTGT	epi_SOX9
GSM4577315_GCCGATGGTAGTGGCA	epi_SOX9
GSM4577315_GCTCAAAGTAGTCCTA	epi_Pre-ciliated
GSM4577315_GCTCAAAGTCGTTGCG	epi_Pre-ciliated
GSM4577315_GGAACCCGTACCTATG	Fibroblast dS
GSM4577315_GGAGCAAAGGCCACTC	epi_SOX9_LGR5
GSM4577315_GGCGTCAGTATCGTTG	epi_Pre-ciliated
GSM4577315_GGGTCTGCAATTCACG	Lymphoid
GSM4577315_GTCATCCGTAGTCTGT	epi_SOX9_LGR5
GSM4577315_GTGTGGCCACACAGAG	PV STEAP4
GSM4577315_GTGTGGCGTCACTACA	epi_SOX9_prolif
GSM4577315_GTTGCTCCATTCACCC	epi_SOX9
GSM4577315_GTTGTCCTCTCGTTTA	epi_SOX9
GSM4577315_TAAGCCATCGGAATGG	epi_SOX9
GSM4577315_TACGCTCCAGTTCCAA	epi_SOX9_LGR5
GSM4577315_TAGCACACACCAGCGT	epi_SOX9_LGR5
GSM4577315_TATTCCAAGTCATACC	epi_SOX9_prolif
GSM4577315_TCAGCAAAGCTCATAC	Lymphoid
GSM4577315_TCATTACCACAGTCGC	epi_SOX9_prolif
GSM4577315_TCATTACCAGGTCAGA	epi_SOX9
GSM4577315_TCCGATCCACGAAGAC	epi_SOX9_prolif
GSM4577315_TCCTCGACAACACTAC	Lymphoid
GSM4577315_TCCTTCTAGTATGACA	epi_SOX9_prolif
GSM4577315_TCGGGTGCAGATGCGA	epi_SOX9_prolif
GSM4577315_TCGGTCTGTGTGACCC	Lymphoid
GSM4577315_TCGTGGGTCGATACTG	epi_SOX9_prolif
GSM4577315_TCTGTCGGTGACATCT	epi_Pre-ciliated
GSM4577315_TCTGTCGTCTCAGGCG	epi_SOX9_prolif
GSM4577315_TGAATGCGTGAGCGAT	epi_Ciliated
GSM4577315_TGAGGTTAGGTGTGAC	epi_SOX9_prolif
GSM4577315_TGATTTCCATCGAACT	epi_SOX9_prolif
GSM4577315_TGCGACGGTGCCTGAC	Myeloid
GSM4577315_TGGAACTCAATAGTCC	Lymphoid
GSM4577315_TGTGATGAGGAGTCTG	Myeloid
GSM4577315_TGTGATGCATGAGGGT	epi_Pre-ciliated
GSM4577315_TTACCATCATAGGTTC	epi_SOX9_prolif
GSM4577315_TTACGTTGTATGTGTC	epi_SOX9_prolif
GSM4577315_TTCCTAACAGTCGTTA	Myeloid
GSM4577315_TTCGATTCAGATCATC	Lymphoid
GSM4577315_TTGTTCAAGCCACCGT	epi_SOX9_LGR5
GSM4577315_TTTACGTTCGTAGGGA	epi_Pre-ciliated
